53.4,17.8,219.0,5687.0
49.3,18.1,245.0,6811.0
55.7,16.6,226.0,5388.0
38.0,15.6,221.0,6262.0
60.7,17.9,177.0,4811.0
35.7,16.8,194.0,5266.0
61.0,20.8,211.0,5961.0
66.1,20.8,246.0,6653.0
61.4,19.9,270.0,6722.0
54.9,22.3,230.0,6494.0
63.9,16.5,277.0,6147.0
55.1,19.7,224.0,6038.0
57.4,19.5,255.0,5920.0
20.4,16.9,166.0,3431.0
20.4,14.9,188.0,3672.0
20.8,18.0,206.0,3378.0
25.9,17.8,186.0,3511.0
21.3,16.8,179.0,3631.0
28.5,17.4,169.0,3810.0
31.6,16.0,214.0,5004.0
31.7,24.6,216.0,4821.0
32.9,20.2,231.0,5431.0
21.1,23.3,219.0,4649.0
26.9,19.2,229.0,4883.0
25.1,17.9,204.0,4405.0
30.2,13.1,171.0,2945.0
36.0,17.7,167.0,2989.0
28.0,16.0,164.0,3048.0
35.8,14.2,174.0,3005.0
23.3,14.2,176.0,3203.0
33.0,15.0,177.0,2850.0
32.8,14.6,193.0,3653.0
30.4,19.9,176.0,3220.0
36.3,11.2,200.0,3899.0
34.3,18.1,165.0,3366.0
26.5,12.4,171.0,3736.0
32.9,14.9,181.0,3647.0
34.7,14.0,210.0,3411.0
29.8,16.9,178.0,3682.0
38.9,14.6,169.0,3668.0
38.9,9.1,195.0,3597.0
33.7,13.6,180.0,3975.0
32.2,13.1,185.0,4142.0
34.3,15.8,185.0,3923.0
27.2,17.1,189.0,3744.0
37.8,13.4,187.0,3156.0
39.1,19.5,175.0,3499.0
45.5,19.3,230.0,5971.0
39.0,18.2,221.0,4884.0
33.1,18.4,206.0,4870.0
37.6,16.7,218.0,5372.0
50.6,18.7,207.0,4955.0
65.2,18.0,223.0,4681.0
51.7,19.7,232.0,5834.0
45.1,18.9,258.0,7509.0
39.2,19.0,231.0,7184.0
61.8,17.9,212.0,5153.0
50.3,20.3,225.0,5475.0
52.6,21.2,267.0,6818.0
62.9,16.0,249.0,5886.0
26.3,18.6,202.0,4242.0
24.0,16.6,207.0,4029.0
30.0,20.2,195.0,4400.0
18.2,17.4,179.0,3525.0
15.6,15.3,215.0,4121.0
23.5,15.0,196.0,3770.0
23.9,18.0,160.0,3837.0
27.0,13.0,191.0,3812.0
18.4,18.1,166.0,3777.0
36.4,20.2,186.0,4317.0
28.5,19.8,197.0,3817.0
30.6,19.0,184.0,3889.0
22.4,19.3,179.0,3783.0
22.1,15.8,183.0,3870.0
29.7,14.8,188.0,5760.0
29.0,19.0,184.0,3977.0
32.6,22.8,197.0,5480.0
25.7,19.2,216.0,4000.0
21.9,18.6,224.0,5129.0
36.0,14.7,214.0,4853.0
32.0,15.6,211.0,4195.0
32.1,19.6,207.0,4187.0
25.0,17.2,181.0,5027.0
28.0,19.5,197.0,4896.0
28.0,21.1,213.0,4314.0
30.2,22.7,226.0,5128.0
34.5,19.0,192.0,4447.0
38.1,20.4,216.0,4198.0
29.8,22.8,186.0,4999.0
32.1,17.7,197.0,4259.0
33.1,20.2,240.0,5581.0
33.8,16.6,168.0,3194.0
35.8,15.6,174.0,2977.0
23.0,16.7,157.0,3063.0
42.8,14.1,195.0,3061.0
38.1,14.0,181.0,2715.0
27.1,13.7,179.0,3471.0
32.8,17.0,162.0,3196.0
29.8,17.2,184.0,3016.0
31.7,13.4,180.0,2955.0
29.3,13.6,176.0,3265.0
35.5,15.3,184.0,3678.0
44.6,16.5,185.0,3411.0
38.7,19.7,232.0,4885.0
40.7,21.8,219.0,5718.0
43.6,18.6,208.0,6896.0
42.1,20.2,240.0,6157.0
37.7,23.8,214.0,6280.0
44.1,17.2,209.0,5344.0
40.6,18.0,209.0,5121.0
49.2,16.6,224.0,5126.0
52.6,19.5,255.0,4995.0
45.4,14.7,254.0,5732.0
43.4,14.5,267.0,6476.0
52.5,23.2,212.0,6019.0
63.2,22.4,271.0,5496.0
34.8,21.0,259.0,6064.0
48.5,17.4,255.0,7028.0
65.2,16.9,240.0,6735.0
21.8,18.1,177.0,4146.0
27.0,17.3,194.0,3973.0
28.8,17.7,213.0,4301.0
24.6,19.9,196.0,4272.0
26.4,21.5,193.0,3966.0
24.9,21.2,217.0,4716.0
28.6,18.5,180.0,3826.0
19.8,17.6,166.0,3713.0
33.1,17.2,179.0,3822.0
29.2,17.2,200.0,3598.0
21.9,17.2,172.0,3615.0
31.6,18.6,205.0,5467.0
23.0,18.1,192.0,5110.0
26.7,17.7,229.0,4103.0
32.3,15.0,178.0,4784.0
23.0,19.8,221.0,6440.0
31.0,20.6,218.0,4968.0
28.3,21.2,214.0,5041.0
21.8,21.3,225.0,4815.0
37.6,21.8,233.0,5541.0
18.0,14.4,208.0,3801.0
35.9,13.9,168.0,3148.0
27.0,13.6,172.0,3234.0
26.6,13.8,201.0,3246.0
29.1,13.5,170.0,3004.0
31.1,18.7,169.0,2927.0
29.3,12.6,162.0,2982.0
35.1,14.7,171.0,3110.0
29.3,11.6,169.0,3055.0
36.8,14.0,192.0,3155.0
26.3,16.6,163.0,3939.0
39.2,18.5,184.0,4068.0
32.6,13.7,173.0,3623.0
34.0,19.6,208.0,3347.0
35.9,16.8,194.0,4113.0
45.0,16.8,228.0,4846.0
44.7,16.3,204.0,5096.0
41.1,21.5,266.0,4414.0
60.4,15.1,220.0,7061.0
50.9,18.5,235.0,5469.0
49.3,22.5,236.0,5080.0
38.8,17.8,195.0,4830.0
54.3,22.0,236.0,6431.0
59.9,23.3,213.0,6305.0
56.2,19.2,191.0,5473.0
53.4,20.3,204.0,4543.0
54.5,20.0,257.0,6628.0
59.3,20.4,299.0,7212.0
70.9,25.4,253.0,6798.0
62.1,17.5,232.0,5848.0
62.9,16.4,246.0,6423.0
62.1,20.3,269.0,7121.0
21.5,17.1,162.0,3947.0
30.2,15.4,190.0,4103.0
26.7,20.0,186.0,3745.0
25.7,21.4,180.0,3140.0
26.2,17.2,189.0,5080.0
23.1,22.3,202.0,4478.0
28.3,19.5,180.0,3766.0
35.9,20.5,198.0,4197.0
31.1,17.0,194.0,4458.0
23.6,14.7,187.0,4157.0
27.9,17.9,188.0,3579.0
42.2,19.7,195.0,5038.0
33.8,17.4,169.0,3977.0
34.1,20.1,218.0,4528.0
27.3,16.6,190.0,3794.0
28.4,17.6,191.0,3987.0
28.5,18.0,172.0,3804.0
30.8,23.1,179.0,3403.0
30.8,13.5,186.0,4780.0
18.7,18.8,169.0,4079.0
29.5,20.2,194.0,5781.0
31.4,18.0,173.0,3946.0
28.5,20.0,225.0,4705.0
34.0,21.4,215.0,4634.0
31.8,19.6,194.0,4822.0
30.8,19.7,213.0,6254.0
32.2,20.7,254.0,4779.0
35.1,18.5,215.0,4591.0
27.7,20.4,222.0,5602.0
33.4,21.4,206.0,5189.0
27.4,16.5,201.0,3973.0
28.7,18.8,217.0,4505.0
32.3,16.2,171.0,2963.0
33.4,11.7,163.0,3071.0
32.7,20.0,184.0,3089.0
31.9,14.5,166.0,3732.0
32.6,13.7,159.0,3392.0
30.6,18.3,174.0,3170.0
30.3,13.7,175.0,3312.0
32.4,16.4,178.0,3430.0
24.0,13.7,183.0,3272.0
33.4,16.1,200.0,3522.0
31.5,15.4,171.0,3528.0
29.2,19.6,192.0,3859.0
36.6,16.9,190.0,3549.0
44.1,17.2,208.0,3588.0
31.0,16.9,195.0,3765.0
35.9,16.2,184.0,3611.0
31.8,16.3,181.0,3914.0
39.9,17.0,161.0,3829.0
38.3,11.1,170.0,3972.0
36.1,16.7,184.0,3692.0
38.5,18.5,219.0,5464.0
40.8,17.8,192.0,5345.0
53.4,23.4,221.0,7663.0
64.1,17.9,219.0,5762.0
51.3,23.3,231.0,5536.0
56.8,20.6,246.0,5718.0
66.5,24.0,259.0,6711.0
56.9,21.6,204.0,6499.0
50.2,18.7,214.0,5733.0
42.9,18.8,192.0,5174.0
48.0,20.0,246.0,5118.0
51.8,21.2,212.0,5297.0
61.4,22.0,231.0,6412.0
40.5,21.5,239.0,5883.0
73.6,21.1,245.0,5092.0
70.7,22.4,251.0,6072.0
71.9,19.7,243.0,6882.0
55.4,18.0,238.0,7492.0
47.1,19.4,220.0,4919.0
55.9,19.0,260.0,6275.0
62.4,16.0,250.0,4356.0
62.4,24.2,204.0,7023.0
47.9,12.4,235.0,5701.0
57.7,22.2,250.0,7281.0
66.5,18.9,238.0,7521.0
65.0,19.4,242.0,6492.0
69.7,21.9,202.0,7522.0
60.5,25.7,274.0,6907.0
65.8,20.4,212.0,5122.0
49.9,17.0,245.0,5555.0
49.0,20.9,250.0,7035.0
49.7,18.4,213.0,4849.0
47.6,15.6,247.0,6343.0
57.9,18.7,226.0,6333.0
46.9,19.6,248.0,7041.0
48.9,20.7,238.0,6418.0
56.9,24.1,250.0,5729.0
46.2,23.2,229.0,5908.0
62.5,15.7,229.0,4686.0
53.2,24.3,270.0,8754.0
66.8,20.8,247.0,7598.0
60.3,19.9,259.0,7350.0
58.7,23.2,249.0,7082.0
49.5,19.5,222.0,6059.0
88.2,22.6,249.0,8873.0
71.5,24.0,267.0,7926.0
58.5,26.6,296.0,8635.0
60.8,22.9,254.0,8489.0
63.8,19.8,247.0,6342.0
50.3,18.9,251.0,7279.0
59.2,19.0,260.0,10415.0
45.0,19.2,228.0,6217.0
52.9,19.5,233.0,6845.0
24.4,19.2,161.0,3945.0
22.7,22.8,182.0,3873.0
26.9,19.9,167.0,5009.0
27.6,20.0,196.0,4192.0
25.1,20.1,176.0,3713.0
24.3,19.3,192.0,4161.0
27.7,20.5,219.0,4653.0
44.9,21.2,206.0,4889.0
26.2,21.5,228.0,5547.0
35.8,20.9,231.0,5549.0
30.8,23.5,195.0,4580.0
36.2,23.3,202.0,4726.0
26.8,16.6,188.0,4073.0
28.1,20.9,185.0,4479.0
35.0,19.0,196.0,4568.0
30.4,18.4,165.0,4849.0
25.5,22.4,200.0,4712.0
39.0,19.6,164.0,3606.0
27.7,17.2,189.0,4612.0
24.3,20.6,225.0,4778.0
23.2,18.8,187.0,3846.0
25.1,20.6,183.0,5155.0
27.8,19.0,206.0,4121.0
22.4,20.6,186.0,4269.0
26.3,20.9,191.0,3598.0
24.4,22.3,214.0,4183.0
26.9,23.8,215.0,5624.0
39.6,19.6,225.0,6926.0
27.2,19.5,183.0,4812.0
33.2,20.2,173.0,4754.0
39.0,23.0,213.0,5901.0
28.9,19.8,211.0,5548.0
34.8,20.8,214.0,4912.0
36.5,17.7,219.0,4857.0
26.9,26.4,232.0,5880.0
29.3,17.0,230.0,4562.0
26.9,17.9,222.0,4447.0
49.0,24.5,238.0,5839.0
33.8,18.5,216.0,4385.0
43.6,23.1,219.0,5285.0
39.8,15.0,186.0,3155.0
39.0,18.0,170.0,3487.0
32.5,20.0,182.0,3212.0
38.1,16.4,166.0,3453.0
34.1,13.5,188.0,3640.0
31.9,15.6,168.0,3088.0
43.6,16.3,186.0,3487.0
38.2,14.0,181.0,3622.0
26.6,18.0,190.0,3621.0
34.4,18.5,178.0,4076.0
32.4,15.6,188.0,3277.0
33.9,18.7,182.0,3499.0
37.6,15.2,184.0,4024.0
36.5,14.3,162.0,3088.0
42.2,14.9,174.0,2811.0
41.1,15.3,178.0,3661.0
28.9,18.6,194.0,3813.0
34.5,18.1,184.0,2867.0
27.5,15.8,180.0,4016.0
26.6,21.7,187.0,4309.0
46.5,15.1,198.0,4567.0
42.3,22.6,186.0,4384.0
41.8,17.1,196.0,4077.0
35.8,17.3,214.0,4297.0
45.6,16.6,215.0,3594.0
41.6,17.8,188.0,4430.0
42.8,18.6,204.0,4563.0
54.0,16.5,197.0,4235.0
27.5,17.7,205.0,4591.0
38.8,16.2,202.0,3235.0
38.4,18.4,205.0,4531.0
35.5,18.9,194.0,4148.0
50.2,16.8,241.0,4411.0
43.2,24.2,201.0,5891.0
46.0,16.3,194.0,4751.0
46.8,24.8,248.0,7400.0
43.2,18.4,225.0,5363.0
51.0,18.8,237.0,6788.0
51.6,22.9,248.0,6283.0
45.6,21.9,256.0,6805.0
55.5,19.3,222.0,6257.0
54.3,16.2,236.0,5352.0
52.6,18.5,246.0,5419.0
49.7,18.1,205.0,4659.0
35.5,22.1,223.0,4766.0
66.9,20.7,252.0,5496.0
45.5,16.6,197.0,4629.0
60.0,15.7,194.0,4472.0
52.8,19.9,238.0,5756.0
51.9,17.3,241.0,5283.0
52.0,19.3,193.0,4568.0
40.6,17.6,202.0,5324.0
37.6,16.6,207.0,4597.0
38.7,20.9,230.0,6095.0
40.3,16.8,222.0,5088.0
56.3,16.1,211.0,4013.0
59.9,16.6,232.0,5641.0
43.5,17.1,232.0,6367.0
49.9,23.5,236.0,6618.0
59.3,22.4,232.0,6095.0
45.4,18.7,218.0,6276.0
50.6,17.4,183.0,5753.0
44.5,17.8,198.0,5954.0
54.6,20.2,238.0,7247.0
46.1,17.9,231.0,7075.0
60.8,15.3,248.0,6039.0
70.2,22.0,254.0,6157.0
49.4,17.8,224.0,6569.0
48.8,18.9,283.0,6820.0
70.6,21.2,244.0,5853.0
42.6,20.1,239.0,6561.0
38.7,20.9,201.0,4884.0
29.3,16.7,174.0,4124.0
23.5,17.3,210.0,3610.0
18.2,13.5,167.0,3489.0
26.2,19.8,180.0,3833.0
32.2,15.3,171.0,3944.0
31.1,20.2,205.0,5614.0
23.7,21.6,187.0,3665.0
27.4,13.7,203.0,2954.0
30.9,18.2,199.0,3834.0
26.9,18.4,199.0,4332.0
25.6,18.3,175.0,3259.0
29.3,20.9,200.0,4071.0
25.5,19.8,221.0,3989.0
32.9,19.2,195.0,4857.0
21.4,16.9,203.0,4366.0
21.4,15.0,165.0,3849.0
33.4,20.6,178.0,5401.0
29.3,17.3,189.0,4062.0
25.6,19.9,204.0,4066.0
26.9,19.6,178.0,3873.0
29.0,14.4,181.0,3659.0
25.7,19.6,181.0,4230.0
29.1,19.5,181.0,3589.0
30.1,19.7,210.0,3586.0
33.5,18.8,239.0,6313.0
21.1,17.4,199.0,4678.0
38.0,20.1,235.0,4941.0
28.4,15.3,184.0,4583.0
25.0,14.4,211.0,4440.0
21.3,18.8,182.0,4944.0
26.3,16.9,199.0,4747.0
23.9,22.6,225.0,5221.0
23.4,17.0,188.0,4934.0
30.1,17.0,181.0,4428.0
25.0,15.6,215.0,4910.0
27.8,17.6,223.0,4585.0
33.3,20.8,207.0,6317.0
30.0,18.0,220.0,4757.0
26.8,17.0,178.0,4439.0
35.8,19.8,236.0,5891.0
25.1,18.2,245.0,4503.0
28.9,22.2,238.0,5353.0
36.1,18.9,195.0,4648.0
30.2,17.4,217.0,5349.0
37.1,20.8,234.0,6286.0
25.6,19.2,219.0,5115.0
28.3,20.3,215.0,5128.0
37.3,16.9,208.0,3840.0
34.3,14.8,168.0,3238.0
20.2,18.1,149.0,3082.0
27.0,14.3,174.0,3010.0
33.6,15.9,180.0,2994.0
30.6,17.2,158.0,3179.0
29.1,16.3,168.0,2789.0
33.0,16.1,168.0,3010.0
25.8,14.0,175.0,3022.0
36.1,15.2,172.0,2751.0
28.9,15.9,161.0,2959.0
28.3,16.3,202.0,4091.0
32.4,15.4,178.0,3505.0
35.9,21.3,192.0,3503.0
31.1,13.8,184.0,3541.0
30.2,17.3,178.0,3343.0
34.9,14.9,185.0,3337.0
30.9,16.1,179.0,3774.0
37.7,13.9,193.0,3465.0
27.3,16.4,189.0,3654.0
40.7,16.3,199.0,3518.0
26.6,14.2,177.0,3554.0
35.6,13.5,187.0,3696.0
36.0,18.7,186.0,5225.0
48.0,17.3,207.0,5104.0
44.1,16.3,185.0,5373.0
38.9,23.0,196.0,5088.0
39.2,17.3,249.0,6175.0
43.7,23.2,213.0,5779.0
54.7,17.8,229.0,5898.0
50.7,17.6,213.0,4834.0
49.4,17.1,234.0,4092.0
48.6,16.2,236.0,5271.0
51.0,18.5,198.0,5005.0
43.5,17.9,206.0,4707.0
45.3,19.9,236.0,5594.0
60.6,21.1,246.0,6430.0
56.3,22.2,256.0,6657.0
65.1,17.8,262.0,6845.0
24.2,18.4,195.0,4501.0
26.5,18.2,228.0,5079.0
30.3,21.0,266.0,5326.0
22.7,18.4,169.0,3891.0
23.9,15.7,178.0,3493.0
23.6,18.0,190.0,3761.0
32.1,16.8,173.0,4610.0
29.1,20.2,213.0,4845.0
22.9,17.0,195.0,3937.0
24.4,14.5,171.0,3681.0
20.8,13.8,183.0,3927.0
23.7,14.3,181.0,4378.0
18.9,14.8,176.0,3531.0
21.3,17.9,179.0,3859.0
19.3,18.9,169.0,4204.0
24.2,16.4,184.0,3920.0
28.8,17.2,196.0,4052.0
20.0,17.1,188.0,3748.0
27.3,13.1,154.0,3674.0
28.5,18.2,168.0,3619.0
24.5,16.9,198.0,3388.0
29.6,17.1,178.0,3452.0
23.2,15.9,198.0,4041.0
34.2,17.8,186.0,3813.0
25.5,15.7,185.0,4346.0
34.0,18.7,186.0,4215.0
35.9,14.5,166.0,4216.0
22.2,15.6,172.0,3935.0
26.3,15.1,196.0,3395.0
17.4,18.7,176.0,3934.0
21.9,15.8,187.0,3609.0
27.0,18.9,190.0,4406.0
25.9,20.2,218.0,4955.0
32.2,17.1,198.0,3541.0
31.8,18.8,190.0,4927.0
28.2,13.6,192.0,4120.0
21.8,17.8,204.0,3845.0
25.1,15.7,177.0,3709.0
24.0,14.9,169.0,4334.0
24.1,16.5,190.0,3725.0
25.7,16.9,175.0,4665.0
20.4,22.1,196.0,4589.0
35.7,17.7,236.0,5166.0
32.6,19.6,233.0,3655.0
29.5,17.1,185.0,5019.0
24.1,17.2,210.0,4488.0
29.9,14.9,183.0,5148.0
21.0,17.5,211.0,4703.0
25.7,17.3,184.0,4887.0
35.4,16.9,243.0,4895.0
26.7,16.4,186.0,4040.0
31.3,15.9,190.0,4794.0
26.6,15.8,196.0,4965.0
30.9,14.9,209.0,4869.0
25.3,16.9,199.0,4097.0
30.8,20.4,235.0,5529.0
28.5,17.2,190.0,4787.0
23.4,18.7,175.0,4030.0
29.5,18.9,233.0,5214.0
29.6,19.5,241.0,4671.0
27.5,20.1,194.0,4656.0
21.1,16.3,212.0,4859.0
28.6,19.1,200.0,5164.0
24.4,18.0,198.0,4506.0
28.8,14.5,160.0,2995.0
37.0,14.4,164.0,2787.0
35.6,19.3,166.0,3187.0
26.1,16.8,182.0,3366.0
33.3,16.3,165.0,2970.0
34.9,16.9,171.0,2969.0
30.4,14.3,163.0,3206.0
27.8,12.5,179.0,3114.0
24.5,10.7,181.0,2986.0
29.6,17.0,195.0,3813.0
37.9,14.1,178.0,3405.0
36.3,14.0,195.0,3924.0
34.5,14.7,195.0,3539.0
31.2,18.0,184.0,3661.0
33.9,18.8,176.0,3630.0
31.7,16.6,174.0,3230.0
30.6,10.9,179.0,3905.0
30.9,15.9,187.0,3437.0
35.7,15.2,182.0,3683.0
34.8,13.8,192.0,3328.0
33.2,10.1,187.0,3221.0
25.0,12.7,197.0,3950.0
47.1,15.1,183.0,3804.0
26.8,17.4,181.0,3875.0
47.6,20.7,215.0,5095.0
44.9,22.5,229.0,5499.0
51.7,18.4,219.0,6059.0
46.3,18.0,211.0,5085.0
57.4,19.1,190.0,5200.0
56.9,18.2,232.0,5683.0
51.1,17.1,184.0,5761.0
49.6,17.5,239.0,5813.0
53.7,20.7,225.0,6350.0
41.5,18.0,206.0,4650.0
62.5,14.5,206.0,4664.0
52.4,19.7,241.0,4372.0
45.0,16.6,219.0,4514.0
51.7,20.1,288.0,6295.0
50.5,22.6,225.0,6213.0
49.6,24.4,263.0,7293.0
50.9,17.3,232.0,5207.0
58.7,18.8,220.0,5745.0
58.3,20.6,241.0,6846.0
53.1,18.8,244.0,7399.0
66.9,19.5,231.0,6694.0
54.9,16.3,237.0,5912.0
63.0,20.4,259.0,6251.0
24.6,19.7,175.0,3984.0
34.7,18.0,217.0,6006.0
25.1,19.5,213.0,4593.0
27.2,12.9,205.0,4919.0
29.3,17.1,210.0,4067.0
26.7,12.8,193.0,3428.0
20.9,17.2,192.0,4119.0
38.4,18.4,196.0,3696.0
20.2,14.0,175.0,3358.0
19.6,18.5,156.0,4119.0
33.1,20.0,161.0,3310.0
23.6,22.8,203.0,4250.0
29.9,17.7,176.0,3436.0
24.2,17.0,175.0,4015.0
21.0,20.5,187.0,3347.0
27.0,19.5,167.0,4734.0
32.9,16.3,161.0,4144.0
31.8,15.7,164.0,4397.0
29.2,18.7,190.0,4387.0
25.6,20.0,190.0,4294.0
34.2,16.1,200.0,4952.0
25.8,21.5,206.0,4475.0
28.4,15.8,189.0,4808.0
26.4,16.7,201.0,4644.0
24.1,19.1,203.0,4542.0
30.3,17.5,197.0,5068.0
23.7,19.4,201.0,4917.0
28.0,17.8,195.0,4267.0
30.5,19.2,220.0,5330.0
32.0,14.6,167.0,2998.0
36.1,14.2,170.0,2871.0
30.6,14.6,161.0,2837.0
32.0,11.7,178.0,2988.0
35.9,12.4,172.0,2933.0
26.1,14.6,183.0,2867.0
34.0,18.0,174.0,2809.0
23.0,16.5,187.0,3285.0
30.3,15.9,169.0,2760.0
28.8,13.8,172.0,2966.0
26.4,13.1,171.0,3224.0
34.9,16.2,163.0,3162.0
35.1,12.7,150.0,3047.0
39.0,19.2,187.0,3449.0
26.1,20.3,194.0,3314.0
38.9,16.7,187.0,3516.0
39.7,14.6,193.0,3314.0
31.4,14.7,184.0,3967.0
37.7,18.3,167.0,3834.0
26.3,14.7,169.0,3599.0
41.1,16.0,189.0,3543.0
37.0,13.8,195.0,3992.0
18.3,18.4,179.0,3645.0
28.5,16.7,199.0,3633.0
30.3,21.8,185.0,3530.0
41.5,11.5,179.0,3503.0
29.1,16.4,203.0,3000.0
46.9,13.9,183.0,4128.0
39.2,18.1,205.0,4648.0
30.7,16.7,197.0,4682.0
33.1,20.2,222.0,4305.0
27.6,13.5,216.0,4096.0
40.9,19.1,244.0,5254.0
47.3,20.0,186.0,4712.0
43.6,16.7,217.0,6090.0
45.6,19.3,245.0,5809.0
41.9,21.7,239.0,6326.0
48.7,17.3,215.0,5466.0
35.7,16.2,196.0,5869.0
40.9,18.0,216.0,4451.0
62.8,19.5,197.0,4795.0
50.5,18.1,199.0,5575.0
44.0,20.6,251.0,6021.0
52.3,20.8,211.0,6478.0
54.9,20.8,229.0,4486.0
57.7,17.9,252.0,6285.0
41.1,19.0,202.0,4694.0
61.6,19.8,245.0,8322.0
60.7,25.2,254.0,6928.0
53.7,24.1,224.0,8845.0
39.2,22.3,273.0,5550.0
51.8,20.4,229.0,6055.0
26.8,15.9,190.0,3502.0
24.5,17.9,191.0,4202.0
20.3,21.1,176.0,4344.0
29.8,20.5,183.0,3867.0
22.3,18.3,178.0,4128.0
27.2,17.4,212.0,3876.0
33.7,18.6,197.0,4543.0
28.8,17.9,204.0,4623.0
34.0,18.3,220.0,3727.0
28.8,20.1,215.0,4619.0
28.7,18.1,184.0,3724.0
22.5,18.9,186.0,3067.0
40.2,21.6,214.0,4460.0
25.2,13.2,196.0,3966.0
34.0,16.3,180.0,3361.0
25.6,16.7,180.0,4236.0
38.4,17.7,191.0,3906.0
29.8,17.9,189.0,4850.0
33.7,19.3,180.0,3662.0
25.7,20.6,217.0,5542.0
24.2,20.4,189.0,3964.0
26.7,17.4,175.0,3851.0
33.7,18.6,200.0,4419.0
27.4,17.7,191.0,3888.0
23.2,18.1,174.0,3735.0
21.8,18.2,174.0,3030.0
31.6,17.5,188.0,3838.0
25.9,20.2,166.0,3980.0
24.2,20.0,143.0,3292.0
28.1,20.2,197.0,3843.0
32.1,18.0,207.0,4041.0
30.2,21.4,195.0,5239.0
29.1,21.2,201.0,4150.0
27.8,22.2,214.0,4281.0
23.4,17.0,187.0,4318.0
34.2,17.9,202.0,5514.0
32.8,21.4,200.0,5805.0
36.8,18.0,190.0,5568.0
30.6,21.4,228.0,7077.0
33.4,17.5,185.0,4252.0
32.4,19.2,195.0,5243.0
30.0,19.8,195.0,5159.0
27.2,18.9,221.0,4960.0
29.7,19.2,202.0,4990.0
34.7,22.0,235.0,5145.0
29.7,19.3,229.0,6470.0
25.5,21.6,216.0,4955.0
28.8,18.3,217.0,4373.0
30.1,20.5,213.0,4572.0
36.4,17.3,240.0,4975.0
39.3,22.3,204.0,4947.0
26.3,16.1,192.0,5040.0
28.4,23.4,227.0,5476.0
37.6,17.0,217.0,5256.0
29.8,19.2,202.0,4818.0
30.2,16.6,168.0,4414.0
30.1,17.8,206.0,4417.0
33.5,20.8,193.0,4918.0
29.8,21.7,204.0,5205.0
30.9,17.6,184.0,4603.0
41.0,18.9,222.0,5037.0
30.3,25.5,205.0,6341.0
28.9,18.8,187.0,4892.0
38.1,20.5,223.0,4737.0
30.7,21.7,183.0,4439.0
23.1,17.9,200.0,5375.0
33.1,18.3,184.0,4622.0
25.6,19.7,197.0,4593.0
39.7,18.7,211.0,4409.0
22.0,15.8,203.0,5112.0
32.0,17.4,211.0,4357.0
30.0,13.6,172.0,2893.0
28.8,12.9,161.0,3055.0
31.2,14.5,164.0,3717.0
37.9,17.1,174.0,3260.0
24.5,19.0,179.0,3045.0
30.6,18.1,181.0,3370.0
32.4,16.9,168.0,2967.0
31.7,16.8,184.0,3099.0
28.8,15.8,152.0,2736.0
36.8,15.8,170.0,3519.0
31.4,18.8,180.0,3150.0
30.9,17.2,184.0,2995.0
33.4,16.4,183.0,3362.0
30.9,12.5,184.0,2938.0
29.8,17.5,177.0,2953.0
28.3,17.5,174.0,3105.0
40.8,14.8,156.0,2901.0
38.6,17.3,188.0,3632.0
41.0,15.7,197.0,3724.0
35.0,14.8,189.0,3803.0
31.8,17.9,192.0,4031.0
38.0,19.0,174.0,3768.0
33.6,15.2,189.0,3392.0
40.3,11.9,187.0,4134.0
33.3,18.2,203.0,3788.0
34.4,15.8,201.0,3634.0
41.4,15.5,209.0,4353.0
36.4,15.1,209.0,3861.0
34.0,16.5,195.0,3468.0
41.2,18.1,183.0,3379.0
48.3,19.5,219.0,4489.0
43.6,20.2,184.0,4064.0
43.0,19.6,186.0,4398.0
29.7,20.0,181.0,4972.0
31.6,19.0,223.0,6071.0
42.1,22.3,253.0,6180.0
48.9,21.6,254.0,5921.0
44.6,23.3,234.0,6403.0
40.4,17.1,224.0,4811.0
42.3,22.5,251.0,6816.0
58.9,22.3,245.0,7314.0
65.1,18.5,221.0,4695.0
55.3,20.7,226.0,7189.0
57.3,21.0,199.0,5554.0
53.8,19.0,202.0,4218.0
49.0,17.1,225.0,5655.0
40.3,18.2,201.0,6443.0
72.0,24.0,283.0,6803.0
63.4,18.3,270.0,6961.0
47.2,23.6,222.0,6012.0
58.0,21.0,257.0,6135.0
58.4,16.3,205.0,5225.0
51.4,20.6,230.0,5493.0
63.0,19.6,233.0,6748.0
59.9,21.2,261.0,7795.0
58.1,15.3,216.0,5234.0
54.4,23.7,247.0,7973.0
46.9,20.4,235.0,5445.0
47.4,19.8,245.0,6435.0
48.8,19.4,228.0,5474.0
59.7,20.8,221.0,5252.0
54.0,20.6,246.0,6055.0
67.5,22.7,214.0,7737.0
38.6,18.9,221.0,5858.0
56.5,21.2,261.0,7395.0
55.4,19.4,242.0,7259.0
57.4,21.1,228.0,5055.0
42.4,20.3,231.0,4431.0
45.4,20.1,219.0,5429.0
52.0,21.1,201.0,4820.0
46.4,18.9,246.0,6271.0
42.0,19.1,222.0,5798.0
52.8,23.2,249.0,7234.0
49.0,20.9,284.0,6341.0
60.6,19.3,200.0,5042.0
62.6,21.2,246.0,7684.0
49.0,19.9,226.0,5011.0
55.4,15.2,193.0,5868.0
65.4,21.2,273.0,5090.0
65.4,21.8,225.0,6183.0
50.4,19.8,208.0,5843.0
58.0,22.2,207.0,5026.0
53.8,17.8,210.0,5533.0
51.0,22.3,236.0,5842.0
54.2,18.9,233.0,7121.0
62.3,25.5,274.0,7754.0
48.3,20.1,235.0,5950.0
61.4,21.7,275.0,9276.0
58.7,22.6,248.0,5359.0
81.1,21.6,288.0,9486.0
44.2,20.9,262.0,6138.0
74.6,25.2,274.0,10425.0
55.2,20.0,237.0,6687.0
61.9,23.8,254.0,8965.0
75.8,17.6,267.0,8822.0
75.2,21.1,292.0,7219.0
61.8,24.3,244.0,7617.0
59.2,20.8,228.0,6239.0
71.9,19.4,264.0,8013.0
58.2,21.5,267.0,8597.0
76.5,22.1,258.0,9254.0
58.1,23.4,277.0,7832.0
63.3,20.9,291.0,8241.0
85.3,25.6,268.0,8938.0
57.2,25.2,262.0,7482.0
84.0,20.6,284.0,6877.0
52.9,19.6,245.0,7075.0
61.0,21.8,262.0,8390.0
58.3,23.9,256.0,9055.0
55.9,22.1,246.0,5466.0
47.9,17.8,247.0,7017.0
58.0,22.7,246.0,9558.0
82.0,24.9,262.0,7613.0
63.7,17.2,260.0,7457.0
82.3,18.9,274.0,8464.0
63.4,22.0,276.0,7491.0
57.9,22.6,271.0,6778.0
61.4,22.5,270.0,7287.0
51.7,19.1,268.0,10309.0
81.6,23.6,272.0,7176.0
55.9,20.9,242.0,5609.0
73.5,19.2,260.0,6998.0
68.8,19.5,209.0,6567.0
71.6,27.8,280.0,8368.0
69.5,18.9,263.0,6017.0
55.0,23.1,273.0,8058.0
57.2,18.2,260.0,6781.0
55.3,21.9,247.0,8205.0
60.4,18.3,270.0,6526.0
67.1,25.0,254.0,6731.0
83.5,24.1,270.0,9043.0
51.0,18.0,251.0,6496.0
33.0,19.5,226.0,4021.0
35.2,21.8,227.0,5646.0
29.1,22.7,212.0,4543.0
32.6,22.3,227.0,5770.0
20.5,23.8,195.0,4840.0
31.8,20.4,215.0,5543.0
32.6,21.7,221.0,4543.0
16.8,20.7,190.0,4678.0
30.2,20.9,189.0,5635.0
23.0,23.1,184.0,4252.0
28.4,20.1,190.0,4323.0
39.1,22.9,212.0,5594.0
29.1,15.9,198.0,3796.0
29.6,20.5,191.0,3959.0
31.1,18.9,178.0,3996.0
30.9,17.4,194.0,4112.0
33.0,23.8,198.0,5197.0
36.7,18.4,211.0,6640.0
26.0,19.7,193.0,4024.0
26.3,17.8,178.0,4379.0
29.3,19.5,182.0,4221.0
24.0,18.4,175.0,4309.0
30.4,20.6,244.0,4800.0
26.8,19.1,207.0,4512.0
38.9,17.1,214.0,4713.0
32.6,23.1,179.0,4769.0
34.5,20.3,192.0,3440.0
27.5,17.0,174.0,4131.0
34.4,21.8,189.0,4448.0
29.0,22.5,233.0,6018.0
32.1,19.2,195.0,4502.0
28.6,16.2,186.0,5104.0
31.8,19.7,218.0,4946.0
30.1,17.2,203.0,4637.0
33.8,21.4,225.0,5480.0
35.4,20.7,191.0,4853.0
25.1,17.6,181.0,4282.0
20.1,19.0,191.0,4260.0
26.0,21.0,198.0,4999.0
40.5,18.7,191.0,6065.0
39.0,24.5,207.0,5968.0
33.5,17.8,223.0,5518.0
23.6,21.6,232.0,5311.0
31.2,19.9,251.0,6619.0
33.5,19.4,229.0,4681.0
28.5,21.5,203.0,5065.0
31.8,18.5,199.0,6225.0
28.6,19.9,219.0,5364.0
34.1,20.1,204.0,5052.0
33.0,18.7,232.0,5554.0
38.2,22.5,239.0,6440.0
28.6,18.9,208.0,6145.0
27.3,23.0,189.0,5260.0
36.5,23.7,232.0,5856.0
29.2,19.6,210.0,5453.0
31.1,23.0,248.0,5983.0
26.1,19.8,187.0,5592.0
35.7,18.9,207.0,4158.0
33.7,22.7,238.0,5954.0
37.0,17.8,173.0,5306.0
32.3,18.4,203.0,4858.0
36.2,23.1,244.0,5965.0
39.6,22.8,227.0,7205.0
24.8,17.5,205.0,5940.0
48.3,20.4,221.0,4937.0
36.4,23.3,207.0,6269.0
29.0,20.0,218.0,4803.0
38.2,20.4,206.0,4194.0
44.1,21.6,209.0,5877.0
30.9,20.9,236.0,6674.0
32.6,18.1,217.0,4653.0
37.0,19.0,255.0,7026.0
29.7,19.9,218.0,4202.0
30.1,20.6,189.0,5846.0
28.7,24.0,195.0,4788.0
31.8,20.9,239.0,3558.0
41.8,20.8,211.0,8282.0
32.5,16.9,194.0,3740.0
30.4,15.8,149.0,3852.0
41.0,18.1,182.0,3215.0
35.5,16.2,186.0,3240.0
41.7,19.2,188.0,4014.0
29.1,15.4,192.0,3421.0
38.4,18.5,187.0,2937.0
35.2,20.9,182.0,3626.0
34.8,20.5,170.0,3443.0
33.4,15.3,161.0,3524.0
29.4,19.3,193.0,2786.0
38.3,12.6,174.0,2706.0
33.0,13.9,176.0,3591.0
36.1,18.2,189.0,3409.0
44.7,17.9,180.0,3363.0
32.3,18.2,168.0,3617.0
33.5,16.0,163.0,3266.0
34.2,14.8,176.0,3420.0
33.0,13.4,181.0,3365.0
33.2,15.3,188.0,3766.0
38.5,18.3,179.0,2936.0
41.6,18.7,180.0,3306.0
35.6,17.6,167.0,3827.0
38.7,17.4,190.0,3249.0
34.1,20.4,210.0,3536.0
34.0,19.8,193.0,4001.0
33.0,18.9,192.0,3548.0
31.2,19.3,184.0,4142.0
45.1,18.7,185.0,4653.0
41.5,16.3,207.0,3707.0
38.8,16.7,188.0,4362.0
33.8,19.1,200.0,4371.0
32.6,19.5,203.0,3956.0
28.8,16.0,180.0,4827.0
42.1,15.8,214.0,4149.0
34.4,20.7,186.0,4167.0
45.2,19.0,185.0,4318.0
43.5,19.6,195.0,3675.0
35.7,19.6,204.0,3786.0
41.7,15.5,194.0,4403.0
35.3,17.3,205.0,4125.0
36.3,20.7,206.0,3805.0
32.0,23.3,184.0,4054.0
38.3,17.5,208.0,4178.0
33.7,17.8,191.0,4405.0
43.0,19.2,206.0,4466.0
34.0,16.0,200.0,4316.0
32.6,15.5,182.0,4399.0
41.4,20.4,194.0,4023.0
31.5,15.3,185.0,4420.0
36.0,19.3,182.0,4838.0
42.0,19.5,168.0,4325.0
41.6,19.7,200.0,4563.0
43.5,18.6,194.0,4364.0
42.6,20.2,192.0,4342.0
43.3,15.5,218.0,3990.0
37.4,19.4,190.0,4569.0
40.7,21.1,226.0,6668.0
41.7,24.5,207.0,5511.0
50.8,22.4,195.0,5902.0
41.4,19.3,209.0,5304.0
52.5,19.3,237.0,5632.0
36.3,18.5,184.0,5045.0
41.7,17.9,207.0,5522.0
44.8,22.1,254.0,6786.0
40.1,20.7,257.0,8559.0
39.9,17.0,212.0,5685.0
55.5,21.3,242.0,6987.0
44.9,18.7,259.0,4763.0
56.9,22.5,235.0,6630.0
52.1,19.4,236.0,5889.0
46.8,18.2,204.0,4896.0
45.9,17.6,202.0,4366.0
53.0,18.1,206.0,5693.0
40.0,15.9,195.0,5254.0
42.9,15.5,203.0,5122.0
50.6,16.9,246.0,6368.0
53.5,17.2,197.0,4386.0
58.3,20.3,225.0,5126.0
48.2,18.3,226.0,4770.0
49.1,18.2,249.0,5465.0
52.6,16.6,203.0,4866.0
44.3,16.6,218.0,4737.0
57.3,18.5,260.0,7619.0
64.7,17.4,240.0,5819.0
48.7,19.7,277.0,6890.0
72.5,21.1,243.0,5659.0
64.4,21.5,259.0,6346.0
53.4,17.4,253.0,6093.0
55.7,18.1,232.0,5376.0
54.2,16.8,248.0,5731.0
49.2,21.3,284.0,6346.0
45.9,19.0,220.0,6507.0
48.5,13.9,236.0,5500.0
52.4,14.5,255.0,5409.0
37.7,14.2,230.0,5810.0
32.1,17.0,193.0,4434.0
25.0,18.8,192.0,3506.0
23.5,19.1,165.0,3838.0
27.6,15.5,184.0,3948.0
24.4,17.0,172.0,3781.0
20.9,16.2,171.0,3997.0
28.4,17.8,185.0,4639.0
22.7,16.8,181.0,4055.0
25.7,17.9,197.0,2944.0
23.5,14.7,167.0,3321.0
25.1,17.5,154.0,3683.0
34.9,16.2,202.0,3571.0
25.5,17.4,222.0,3986.0
27.7,17.2,190.0,4124.0
31.6,15.1,188.0,3870.0
33.0,12.6,179.0,3790.0
31.8,14.7,176.0,3628.0
32.2,17.8,190.0,6425.0
24.0,18.9,222.0,5521.0
32.0,23.9,207.0,5286.0
23.4,18.9,197.0,3634.0
31.9,19.9,201.0,4869.0
26.9,19.9,191.0,5167.0
29.8,21.4,202.0,4215.0
23.3,15.6,185.0,4557.0
31.3,18.3,201.0,5289.0
30.3,18.9,206.0,4677.0
30.8,18.1,178.0,4149.0
28.4,23.3,189.0,4972.0
25.3,17.0,195.0,4625.0
32.7,19.1,209.0,4767.0
33.4,21.0,200.0,4000.0
32.9,15.2,199.0,4854.0
31.1,16.7,218.0,3915.0
36.1,20.3,240.0,5528.0
27.5,17.1,210.0,6119.0
22.2,14.7,163.0,2901.0
34.3,13.2,180.0,3318.0
20.1,13.9,164.0,3213.0
35.1,17.6,175.0,2777.0
34.0,16.1,163.0,3135.0
25.7,17.9,162.0,3166.0
30.9,15.1,170.0,3039.0
32.9,14.7,175.0,2765.0
30.5,12.4,154.0,2881.0
36.2,17.1,179.0,2874.0
23.0,14.7,179.0,3106.0
32.5,15.4,167.0,2914.0
27.0,13.9,168.0,2947.0
21.3,20.7,144.0,2880.0
24.2,15.2,188.0,2688.0
27.4,13.6,167.0,3519.0
30.1,12.7,181.0,3081.0
25.5,16.1,164.0,3294.0
30.1,14.1,188.0,3417.0
28.0,12.5,179.0,3536.0
36.7,16.1,183.0,3935.0
34.2,14.3,176.0,3529.0
32.4,15.5,187.0,3632.0
36.5,17.2,174.0,3447.0
26.9,16.6,192.0,3176.0
41.6,13.3,188.0,3761.0
38.6,14.6,186.0,4011.0
33.2,16.8,204.0,4591.0
40.8,14.1,175.0,4679.0
43.5,22.2,223.0,5181.0
39.8,18.1,196.0,4844.0
48.1,14.8,240.0,5961.0
54.8,17.2,226.0,6003.0
53.1,16.4,248.0,6087.0
61.7,20.4,238.0,5796.0
21.7,22.3,263.0,4835.0
48.6,19.1,214.0,4882.0
47.3,19.1,213.0,4919.0
36.1,15.1,231.0,4734.0
49.9,18.2,218.0,5007.0
65.4,20.2,242.0,6484.0
63.4,22.3,250.0,5585.0
73.6,19.6,248.0,6769.0
22.0,17.3,185.0,4058.0
24.3,21.4,216.0,4462.0
37.2,20.8,195.0,3603.0
28.9,18.4,195.0,3901.0
17.6,16.4,183.0,3756.0
29.4,16.0,175.0,3675.0
18.1,17.0,180.0,3836.0
36.5,21.7,203.0,4485.0
24.6,14.9,166.0,3286.0
21.1,14.3,168.0,3655.0
34.6,19.5,189.0,3948.0
27.2,18.9,213.0,4117.0
30.5,17.4,194.0,3759.0
20.4,15.1,223.0,5252.0
19.1,20.1,193.0,3455.0
23.0,17.4,181.0,3555.0
32.8,21.9,175.0,3854.0
25.1,17.8,162.0,4126.0
24.5,16.2,173.0,3768.0
21.1,17.5,179.0,3870.0
19.8,20.0,192.0,3945.0
32.4,17.6,197.0,4475.0
35.6,20.2,199.0,3796.0
27.1,17.9,196.0,4260.0
22.5,18.2,177.0,3470.0
20.9,15.2,188.0,3247.0
39.7,20.3,198.0,3799.0
19.7,18.1,189.0,4047.0
20.7,20.1,202.0,3717.0
19.5,20.5,184.0,4206.0
21.0,18.7,171.0,4402.0
26.9,15.8,200.0,4300.0
25.9,19.2,235.0,4698.0
23.1,18.3,184.0,3990.0
28.0,16.5,214.0,3907.0
31.6,17.1,203.0,4960.0
34.5,19.9,201.0,4684.0
29.2,20.2,182.0,4779.0
24.1,17.4,200.0,4791.0
19.9,16.8,218.0,4644.0
26.7,17.7,216.0,5431.0
36.7,16.6,180.0,3736.0
28.7,18.0,201.0,4924.0
27.7,20.9,240.0,4965.0
36.4,24.0,236.0,5060.0
27.0,19.1,201.0,4644.0
32.1,18.9,234.0,5474.0
20.6,15.8,199.0,4794.0
21.3,17.1,196.0,5737.0
22.2,17.4,192.0,4827.0
26.4,19.1,195.0,4502.0
25.4,13.9,196.0,5351.0
28.9,17.5,215.0,4300.0
37.5,22.4,222.0,4986.0
38.8,19.4,209.0,5047.0
19.8,17.2,184.0,4611.0
29.0,16.9,160.0,4722.0
25.7,16.1,196.0,4870.0
22.8,17.2,199.0,4272.0
22.3,19.7,191.0,4576.0
31.8,16.8,174.0,2900.0
37.8,16.1,169.0,3001.0
34.5,15.2,166.0,3013.0
19.1,19.5,170.0,3038.0
28.3,13.6,166.0,2646.0
23.7,13.2,156.0,3024.0
37.5,14.7,177.0,2756.0
34.0,14.9,189.0,3284.0
30.8,15.3,173.0,3209.0
27.9,13.1,173.0,3231.0
32.1,18.9,185.0,2508.0
27.8,14.9,208.0,3524.0
32.1,16.5,180.0,3794.0
37.5,18.7,190.0,3757.0
25.4,17.7,187.0,3411.0
28.7,14.5,178.0,3850.0
29.5,13.7,178.0,3675.0
32.3,13.6,158.0,3441.0
32.4,15.1,179.0,3309.0
33.1,14.4,181.0,3357.0
35.9,17.5,177.0,3574.0
41.3,15.6,176.0,3170.0
28.4,18.0,176.0,3956.0
31.2,14.2,184.0,3803.0
34.5,19.4,188.0,3498.0
25.5,16.1,197.0,3471.0
33.7,18.6,204.0,3968.0
43.0,20.9,250.0,5048.0
29.3,17.8,180.0,4631.0
33.2,16.2,221.0,4794.0
31.9,17.4,229.0,6876.0
38.4,14.9,225.0,4651.0
73.3,17.8,207.0,5377.0
47.4,13.7,218.0,4925.0
52.3,21.8,228.0,6079.0
36.5,16.6,229.0,4951.0
50.1,19.1,220.0,4956.0
33.7,16.6,219.0,4539.0
55.0,17.8,242.0,4467.0
42.2,14.3,200.0,4841.0
46.5,21.1,214.0,5973.0
34.6,18.3,256.0,5683.0
55.4,19.6,237.0,5757.0
49.2,15.6,190.0,4937.0
43.3,17.0,212.0,6058.0
43.7,19.4,242.0,6138.0
62.9,13.5,231.0,4278.0
49.2,15.6,223.0,4995.0
47.2,20.2,224.0,5556.0
59.8,17.4,217.0,4367.0
43.6,18.8,208.0,4972.0
63.1,20.7,279.0,7121.0
52.7,19.2,223.0,5949.0
50.0,18.6,270.0,7625.0
58.9,19.5,223.0,7178.0
41.1,15.0,217.0,5203.0
45.1,14.6,208.0,6216.0
50.6,17.8,238.0,5776.0
31.8,20.6,210.0,5872.0
60.9,16.7,238.0,6204.0
68.9,19.2,230.0,5181.0
69.9,19.4,264.0,5774.0
51.1,20.2,229.0,5208.0
47.8,13.8,245.0,6439.0
67.8,18.1,239.0,7509.0
26.9,15.2,183.0,3582.0
27.7,18.1,194.0,4725.0
28.6,20.3,219.0,4478.0
25.0,16.2,205.0,4312.0
20.5,19.5,179.0,4270.0
19.5,15.3,165.0,4026.0
23.3,18.4,178.0,4030.0
31.5,17.0,194.0,4073.0
25.1,17.4,166.0,3974.0
26.4,15.6,211.0,3956.0
33.1,19.5,186.0,4047.0
26.9,17.3,219.0,3287.0
30.9,13.7,199.0,4901.0
34.2,18.1,223.0,4584.0
24.3,15.7,188.0,3583.0
25.7,16.5,177.0,3911.0
20.8,18.1,206.0,3482.0
27.5,14.6,187.0,4394.0
21.6,17.4,199.0,5200.0
22.5,17.0,161.0,3857.0
26.5,15.7,172.0,3921.0
30.4,19.1,190.0,4724.0
28.0,20.1,195.0,4528.0
26.6,17.0,157.0,3870.0
22.7,19.2,141.0,3790.0
32.6,15.1,184.0,4036.0
29.7,15.8,159.0,4235.0
17.2,20.0,182.0,4007.0
30.8,15.5,178.0,3301.0
28.3,23.9,177.0,3958.0
31.4,18.9,182.0,4496.0
24.4,16.2,195.0,4211.0
31.1,18.2,250.0,4746.0
23.2,21.3,212.0,4264.0
32.8,21.2,185.0,3930.0
39.6,20.9,231.0,5080.0
33.4,17.5,250.0,5414.0
34.5,19.1,191.0,3978.0
32.5,16.9,216.0,5519.0
24.4,16.1,199.0,4482.0
28.7,15.6,205.0,4479.0
20.9,17.2,215.0,4820.0
36.0,17.9,198.0,5199.0
29.1,16.2,205.0,4628.0
28.4,18.1,207.0,4877.0
36.0,15.1,192.0,2703.0
36.2,15.7,163.0,2857.0
22.9,12.0,180.0,3088.0
26.2,14.7,163.0,3086.0
26.4,14.9,161.0,2857.0
36.3,16.1,184.0,3191.0
27.0,14.4,161.0,2966.0
33.5,16.1,170.0,2962.0
26.7,13.7,162.0,2984.0
35.4,13.9,194.0,3268.0
35.9,15.6,170.0,3218.0
38.3,12.9,159.0,3377.0
29.1,13.9,161.0,3110.0
30.0,14.0,191.0,3386.0
29.3,14.1,168.0,3048.0
33.0,15.7,189.0,3544.0
38.5,17.0,199.0,3550.0
32.3,16.4,177.0,3402.0
35.3,9.8,185.0,3715.0
31.7,16.3,186.0,3099.0
37.3,18.4,186.0,3023.0
32.5,12.1,203.0,3258.0
38.0,17.3,188.0,3591.0
33.9,19.0,194.0,3276.0
28.3,17.7,203.0,3483.0
39.6,18.1,202.0,3599.0
31.3,15.7,185.0,3522.0
16.3,12.6,195.0,3515.0
36.1,19.1,176.0,3856.0
31.9,17.8,186.0,3742.0
31.8,17.5,193.0,3145.0
34.1,13.5,199.0,3705.0
32.2,16.9,202.0,3826.0
35.0,16.5,160.0,3971.0
32.3,19.7,213.0,4343.0
42.3,18.4,198.0,5428.0
38.7,20.2,197.0,4744.0
52.1,24.2,230.0,5969.0
44.6,22.0,215.0,5986.0
29.8,19.7,195.0,4864.0
61.1,22.2,222.0,6411.0
47.7,19.2,208.0,5560.0
42.7,20.0,205.0,5471.0
46.4,18.6,249.0,5849.0
48.5,20.3,207.0,4645.0
35.6,20.4,207.0,5930.0
61.4,17.8,230.0,5104.0
38.8,18.7,204.0,4729.0
50.7,19.6,278.0,6290.0
61.8,19.9,242.0,6712.0
42.8,18.3,252.0,5605.0
55.8,23.9,242.0,8364.0
68.3,19.6,270.0,7652.0
54.5,20.9,202.0,5462.0
54.3,21.7,240.0,6068.0
63.0,17.5,276.0,7492.0
51.8,20.7,286.0,5693.0
51.8,18.8,232.0,5498.0
56.5,19.4,256.0,7879.0
30.4,18.7,202.0,4295.0
27.3,20.3,168.0,3581.0
25.1,15.5,185.0,4116.0
29.0,18.4,188.0,3912.0
19.9,16.6,175.0,3910.0
28.9,17.6,188.0,3422.0
29.6,20.6,215.0,4516.0
28.1,15.5,176.0,3027.0
29.7,18.7,190.0,5407.0
29.7,19.2,190.0,5121.0
29.7,20.8,202.0,4330.0
34.2,22.2,196.0,5124.0
33.7,16.7,224.0,4168.0
27.5,16.7,170.0,4526.0
22.2,17.7,183.0,3753.0
29.4,17.7,177.0,3714.0
32.8,20.8,201.0,5065.0
18.6,15.5,175.0,4422.0
27.8,17.6,206.0,4392.0
29.1,17.2,166.0,4188.0
32.3,21.4,215.0,4586.0
35.0,20.1,204.0,4392.0
20.2,17.1,199.0,4084.0
26.9,20.4,185.0,4343.0
27.3,16.9,168.0,3545.0
31.4,16.4,183.0,4875.0
28.3,19.2,214.0,3444.0
22.5,17.0,196.0,4213.0
24.7,20.1,199.0,4361.0
30.7,21.5,170.0,3649.0
32.4,17.0,181.0,3293.0
31.5,18.1,202.0,3825.0
28.4,17.6,173.0,4429.0
24.6,17.4,188.0,4017.0
25.3,19.5,189.0,4384.0
32.7,17.3,222.0,4832.0
22.7,23.4,191.0,3881.0
22.0,16.6,201.0,3815.0
32.3,21.1,193.0,5118.0
32.5,21.9,193.0,4607.0
25.5,18.4,188.0,4207.0
32.3,21.2,184.0,5020.0
33.5,20.1,225.0,4576.0
27.9,21.3,180.0,5223.0
36.0,19.1,179.0,4723.0
25.4,16.7,190.0,3878.0
26.1,14.4,179.0,4352.0
32.5,19.7,185.0,3694.0
29.1,19.6,212.0,4365.0
38.3,23.6,225.0,4715.0
21.8,19.6,248.0,5495.0
28.9,20.5,203.0,3891.0
34.5,21.5,235.0,5026.0
38.8,19.3,211.0,4445.0
38.4,18.0,191.0,4482.0
34.0,21.0,206.0,5865.0
29.3,18.4,209.0,3951.0
31.8,18.8,206.0,5012.0
34.3,17.7,205.0,4368.0
23.0,20.2,202.0,5366.0
28.4,24.5,216.0,5437.0
31.7,17.1,197.0,5286.0
29.2,20.7,229.0,6377.0
35.2,18.3,195.0,5502.0
20.8,18.5,193.0,4797.0
25.6,19.5,240.0,5057.0
32.6,22.8,196.0,5537.0
27.3,20.0,228.0,4812.0
31.5,17.5,224.0,4814.0
34.0,19.2,205.0,4388.0
21.4,25.6,198.0,5226.0
21.1,21.1,212.0,4693.0
30.8,18.9,196.0,4379.0
28.2,21.9,205.0,5318.0
20.2,17.9,211.0,5275.0
29.1,19.6,199.0,4855.0
28.2,20.5,183.0,4531.0
27.0,19.4,236.0,5205.0
32.9,13.3,164.0,2892.0
36.5,18.0,174.0,3568.0
22.4,16.1,162.0,3329.0
36.0,13.7,181.0,3150.0
29.2,20.7,179.0,3180.0
30.9,10.9,168.0,3470.0
32.1,15.9,174.0,3535.0
27.6,18.6,173.0,2967.0
27.0,15.0,157.0,3017.0
32.8,16.3,179.0,3111.0
39.6,17.0,169.0,3044.0
28.2,11.4,165.0,2749.0
28.2,13.8,182.0,2996.0
27.1,15.9,177.0,3024.0
31.1,15.8,184.0,2900.0
30.6,14.0,192.0,3964.0
35.7,18.1,204.0,3959.0
41.9,17.1,190.0,4040.0
40.9,18.1,200.0,3774.0
40.9,16.4,187.0,3840.0
38.8,15.9,199.0,3862.0
40.3,16.6,213.0,3915.0
39.4,15.2,184.0,3280.0
37.3,14.4,181.0,3773.0
37.2,16.8,193.0,3794.0
33.0,16.1,191.0,3698.0
46.6,19.4,221.0,5179.0
41.4,19.3,222.0,5453.0
37.7,16.2,193.0,4992.0
46.4,17.8,186.0,5604.0
46.0,22.0,258.0,6096.0
44.4,22.6,207.0,7135.0
43.2,18.8,207.0,5223.0
54.0,23.7,212.0,5273.0
47.2,20.0,246.0,7485.0
47.0,19.8,233.0,5623.0
66.2,18.2,230.0,5736.0
51.1,18.8,244.0,7147.0
56.8,19.8,229.0,4817.0
45.8,22.1,232.0,5986.0
57.4,21.8,244.0,7152.0
66.1,22.3,243.0,6221.0
61.3,18.3,212.0,5674.0
51.4,21.2,218.0,5512.0
48.9,24.6,244.0,6083.0
52.4,17.7,225.0,4618.0
51.7,16.5,227.0,4970.0
52.9,18.9,201.0,4931.0
58.4,20.8,203.0,5965.0
52.8,20.3,193.0,5824.0
47.7,19.3,206.0,4675.0
59.8,16.4,241.0,6658.0
66.1,19.6,268.0,6051.0
51.2,21.2,204.0,5337.0
57.2,17.5,257.0,7505.0
57.8,19.0,208.0,5823.0
59.0,19.9,266.0,6151.0
56.0,20.3,202.0,4962.0
52.2,15.7,204.0,5363.0
50.8,20.4,231.0,6323.0
47.1,19.3,212.0,4539.0
62.2,20.3,243.0,6410.0
47.7,20.2,246.0,6211.0
59.3,15.9,244.0,6204.0
65.0,18.8,223.0,5737.0
59.5,20.3,223.0,6369.0
57.2,19.7,212.0,5802.0
62.8,20.0,220.0,5630.0
58.2,19.3,250.0,4822.0
63.4,19.2,243.0,6651.0
58.5,17.8,201.0,5556.0
48.1,21.2,198.0,5376.0
45.4,25.0,248.0,5294.0
45.5,20.2,208.0,5044.0
49.7,19.7,205.0,5805.0
60.6,16.7,217.0,5185.0
65.0,21.4,237.0,6368.0
51.9,15.6,235.0,5947.0
57.9,21.6,212.0,5571.0
64.0,22.1,236.0,6743.0
68.8,19.6,238.0,5220.0
58.0,20.0,232.0,8089.0
58.9,19.4,244.0,6777.0
69.4,20.5,260.0,6415.0
56.9,26.5,238.0,6451.0
63.1,18.3,223.0,7090.0
50.8,18.9,222.0,6521.0
61.9,21.1,223.0,7072.0
72.0,19.9,258.0,6661.0
78.7,23.1,283.0,8099.0
60.8,18.8,239.0,5732.0
45.1,19.8,239.0,5064.0
70.4,21.6,282.0,7452.0
60.1,17.8,270.0,6109.0
61.2,24.0,264.0,6914.0
83.8,20.5,270.0,7632.0
61.9,20.2,264.0,9404.0
64.9,18.4,202.0,5720.0
63.8,19.9,266.0,7523.0
64.9,21.0,239.0,6348.0
52.5,22.3,253.0,7691.0
60.5,19.7,259.0,6632.0
73.5,18.6,302.0,7375.0
46.9,19.9,247.0,7669.0
70.1,21.4,255.0,7456.0
80.5,21.7,305.0,7892.0
70.8,21.6,252.0,8195.0
76.2,20.4,288.0,7974.0
67.2,16.3,242.0,6274.0
68.3,19.6,248.0,6755.0
67.1,26.1,258.0,9734.0
59.3,20.6,226.0,6692.0
46.1,18.8,257.0,7077.0
64.6,13.7,234.0,6620.0
64.3,16.4,225.0,6389.0
64.0,22.8,267.0,8026.0
51.2,24.4,256.0,9714.0
61.8,20.0,268.0,4960.0
56.9,21.8,227.0,7528.0
86.5,24.5,267.0,9145.0
77.0,20.4,293.0,7399.0
61.6,20.3,242.0,7882.0
50.6,18.5,252.0,7640.0
71.1,16.4,290.0,7725.0
46.6,20.3,241.0,7129.0
59.3,22.3,232.0,5552.0
56.7,23.9,247.0,5904.0
74.2,23.0,274.0,7655.0
63.8,17.9,282.0,7597.0
57.3,25.3,264.0,7767.0
57.6,21.4,297.0,7994.0
64.6,20.0,254.0,7285.0
62.3,21.5,301.0,7458.0
67.4,20.8,244.0,10549.0
53.2,21.1,236.0,5622.0
41.8,21.2,262.0,5932.0
50.9,18.7,216.0,5650.0
59.1,21.5,250.0,5493.0
29.8,17.8,209.0,4647.0
30.3,19.3,206.0,4088.0
30.6,16.6,217.0,4398.0
28.2,20.1,214.0,4540.0
40.5,19.5,235.0,5074.0
38.3,21.4,226.0,7643.0
36.4,21.2,197.0,5461.0
36.8,17.2,201.0,6174.0
36.2,17.7,210.0,5234.0
28.2,19.3,209.0,5785.0
40.6,21.2,205.0,6537.0
31.1,20.5,212.0,5716.0
32.4,16.8,175.0,4366.0
21.1,19.9,220.0,3944.0
31.5,20.5,205.0,6612.0
31.8,18.5,182.0,4702.0
30.8,23.4,215.0,5849.0
27.3,20.6,220.0,4391.0
30.1,20.6,189.0,5862.0
31.3,22.5,209.0,4425.0
30.3,17.2,226.0,4749.0
30.0,14.2,181.0,4072.0
29.4,19.2,229.0,5258.0
31.4,16.6,176.0,4460.0
33.2,20.1,203.0,4093.0
43.6,20.9,179.0,4106.0
24.4,18.2,172.0,3468.0
28.4,20.5,174.0,4509.0
28.3,20.5,207.0,4534.0
33.0,15.1,185.0,4789.0
30.2,20.1,205.0,4509.0
25.4,21.0,163.0,4411.0
39.4,23.1,230.0,4144.0
25.2,18.5,194.0,4441.0
22.0,18.8,181.0,3983.0
29.4,21.0,215.0,4780.0
29.7,18.5,218.0,4168.0
24.7,16.6,193.0,4178.0
30.3,17.1,202.0,4458.0
44.8,20.9,226.0,4251.0
21.6,20.1,219.0,5116.0
44.8,19.6,212.0,5220.0
40.6,26.3,238.0,5725.0
24.7,19.0,242.0,5566.0
35.7,19.3,210.0,6128.0
36.6,20.7,228.0,5275.0
32.2,22.4,215.0,5195.0
29.5,23.3,205.0,4152.0
39.0,22.8,227.0,7105.0
37.5,22.4,222.0,4858.0
30.6,20.0,230.0,6140.0
28.3,18.1,211.0,5015.0
30.3,24.6,217.0,6637.0
28.0,17.6,230.0,5638.0
29.0,20.5,219.0,6110.0
28.7,22.4,206.0,5601.0
32.7,22.4,219.0,8317.0
28.9,21.3,213.0,6688.0
31.4,20.5,201.0,5546.0
31.1,23.4,214.0,6357.0
27.6,21.5,224.0,5218.0
34.3,21.5,214.0,6228.0
37.4,19.8,198.0,5229.0
30.9,21.9,218.0,6484.0
34.2,18.9,203.0,5894.0
37.3,21.1,221.0,4867.0
41.2,22.9,241.0,6007.0
31.9,21.0,214.0,4979.0
33.0,17.5,220.0,4673.0
27.4,20.8,197.0,4386.0
27.6,23.0,223.0,6949.0
35.6,18.4,198.0,5530.0
28.1,22.2,198.0,5306.0
26.6,17.4,209.0,4766.0
27.0,23.4,223.0,4786.0
33.2,19.9,184.0,3437.0
39.8,18.5,174.0,3361.0
30.8,16.2,179.0,3423.0
32.8,14.4,171.0,2642.0
29.5,16.3,162.0,3616.0
31.8,15.4,175.0,3378.0
30.5,19.4,191.0,3378.0
34.3,16.9,155.0,3084.0
43.0,18.0,191.0,3965.0
34.0,18.0,183.0,3980.0
40.9,15.7,179.0,2999.0
39.7,17.1,175.0,3429.0
34.8,19.0,185.0,3778.0
39.8,16.8,194.0,3392.0
36.2,16.5,183.0,3318.0
27.9,18.4,178.0,3299.0
34.8,14.4,207.0,3594.0
36.0,12.6,181.0,4285.0
43.8,17.6,164.0,3748.0
30.3,19.0,183.0,3167.0
37.3,20.6,174.0,3311.0
28.8,17.4,176.0,3420.0
42.7,18.6,193.0,3242.0
41.1,19.6,189.0,3186.0
32.4,17.8,176.0,4433.0
44.9,16.2,201.0,4463.0
47.6,21.1,175.0,4030.0
37.2,17.6,228.0,3858.0
33.4,18.8,190.0,4765.0
36.1,18.3,204.0,4179.0
33.1,18.4,209.0,4289.0
33.4,17.3,203.0,4320.0
38.6,18.5,209.0,4041.0
31.9,15.1,198.0,4499.0
48.2,10.3,192.0,3967.0
43.4,12.9,202.0,4383.0
42.3,19.1,199.0,4102.0
38.2,19.4,184.0,4138.0
32.1,18.1,211.0,4352.0
42.3,16.2,210.0,3990.0
42.6,16.8,199.0,4514.0
39.2,18.6,195.0,4515.0
40.7,16.0,192.0,3768.0
40.0,17.5,188.0,4390.0
43.4,17.8,211.0,4398.0
35.5,20.3,178.0,4361.0
41.2,16.8,197.0,4241.0
42.7,15.5,219.0,4327.0
42.4,18.2,189.0,4652.0
37.5,17.5,198.0,4384.0
36.0,18.9,197.0,4797.0
31.0,18.9,195.0,4189.0
38.6,18.5,223.0,5334.0
47.7,21.2,236.0,5584.0
38.4,22.5,207.0,6130.0
31.9,20.2,215.0,5402.0
52.3,23.4,242.0,6200.0
35.2,20.2,199.0,4404.0
58.4,18.0,242.0,5232.0
57.1,20.8,218.0,6399.0
37.3,25.4,254.0,5038.0
64.0,23.3,258.0,5697.0
58.0,20.8,253.0,7819.0
37.5,15.3,218.0,5863.0
46.5,23.2,218.0,5188.0
48.5,23.9,240.0,6652.0
58.8,23.4,226.0,6762.0
34.2,19.0,212.0,5361.0
40.8,21.2,219.0,5687.0
48.7,18.8,252.0,4677.0
50.3,18.5,232.0,5819.0
57.7,20.9,207.0,5760.0
53.4,17.5,212.0,4520.0
57.4,18.7,244.0,5356.0
35.6,16.3,216.0,4674.0
42.4,15.3,213.0,5120.0
53.3,15.9,222.0,5513.0
51.7,19.2,188.0,4981.0
58.9,18.2,234.0,5148.0
44.0,13.6,231.0,4487.0
39.5,20.6,209.0,4553.0
65.8,19.2,235.0,5510.0
53.1,17.0,235.0,5176.0
51.8,13.8,209.0,5530.0
36.5,18.2,188.0,4657.0
45.4,15.9,173.0,4530.0
47.0,15.9,235.0,5221.0
38.3,19.8,249.0,5803.0
46.3,17.2,201.0,4908.0
50.4,17.1,244.0,5339.0
45.2,14.2,229.0,4528.0
48.2,17.3,201.0,4580.0
49.5,17.2,219.0,4545.0
39.5,22.2,186.0,5311.0
51.6,12.5,212.0,4976.0
48.5,17.3,186.0,5065.0
56.3,14.4,220.0,6025.0
58.2,17.0,237.0,5682.0
64.7,21.4,235.0,7687.0
63.7,20.7,256.0,7543.0
46.5,20.8,227.0,6100.0
59.6,22.5,258.0,6317.0
62.5,19.8,242.0,8128.0
50.9,18.7,236.0,5740.0
44.1,20.9,266.0,7523.0
64.0,21.5,270.0,6112.0
62.3,14.8,235.0,5695.0
53.7,17.9,208.0,6655.0
69.0,18.1,268.0,7609.0
48.6,15.8,240.0,5739.0
52.0,15.6,214.0,7029.0
71.2,16.2,244.0,6146.0
60.1,21.7,274.0,5747.0
55.0,19.9,226.0,5914.0
51.2,21.2,243.0,5886.0
49.3,16.9,278.0,6777.0
44.8,19.5,241.0,5410.0
54.4,18.8,288.0,6292.0
41.5,17.4,251.0,6193.0
53.0,19.6,217.0,5041.0
59.6,17.2,244.0,6561.0
55.9,18.7,217.0,5862.0
56.3,18.5,211.0,5416.0
35.5,18.8,190.0,3677.0
28.7,14.2,185.0,4481.0
25.4,16.6,161.0,4745.0
30.4,19.1,209.0,5796.0
33.0,15.7,205.0,3580.0
26.5,15.5,179.0,3656.0
23.9,19.1,175.0,3688.0
31.3,18.2,171.0,4264.0
26.2,19.4,188.0,5090.0
24.1,17.5,207.0,4517.0
29.0,13.3,175.0,3500.0
35.7,18.0,186.0,4701.0
22.8,23.5,195.0,3156.0
21.8,17.4,165.0,3636.0
21.7,17.8,189.0,4058.0
27.0,15.2,188.0,4762.0
27.1,16.5,167.0,3424.0
30.1,18.3,201.0,4530.0
30.9,15.5,170.0,3010.0
24.3,18.1,174.0,4034.0
24.5,18.1,201.0,4441.0
23.1,15.6,188.0,4272.0
31.4,16.1,195.0,4074.0
30.9,16.8,221.0,4335.0
35.9,17.0,207.0,3710.0
24.5,16.3,181.0,3453.0
31.6,16.0,175.0,3757.0
37.4,17.7,202.0,4714.0
28.2,13.6,188.0,3444.0
22.3,15.8,187.0,5209.0
30.9,21.2,187.0,6064.0
29.5,22.1,241.0,4847.0
27.3,17.8,181.0,4791.0
29.6,17.2,186.0,4696.0
32.8,17.6,190.0,4868.0
38.4,16.5,186.0,4337.0
23.8,15.7,213.0,3720.0
33.8,19.1,215.0,5264.0
38.0,21.2,239.0,4592.0
25.4,15.7,219.0,5139.0
27.3,18.2,195.0,4419.0
25.9,15.8,190.0,4050.0
18.8,19.1,170.0,4329.0
33.5,18.0,191.0,5060.0
24.0,21.2,207.0,5833.0
37.5,20.1,202.0,4967.0
20.8,15.9,207.0,4934.0
28.0,21.5,211.0,4757.0
25.0,18.3,225.0,4235.0
35.3,9.7,170.0,3342.0
32.1,18.1,179.0,2903.0
30.2,13.7,143.0,2840.0
34.2,16.7,185.0,2791.0
21.7,16.9,168.0,3017.0
32.9,16.8,174.0,2797.0
36.9,12.2,165.0,2857.0
24.3,17.0,174.0,3160.0
28.7,14.1,173.0,3090.0
20.8,14.8,159.0,2731.0
28.4,14.8,166.0,3145.0
27.3,13.8,175.0,3007.0
39.1,14.4,185.0,3227.0
28.2,15.3,166.0,3284.0
32.0,13.1,157.0,2678.0
37.3,11.7,174.0,3153.0
19.6,16.8,167.0,3327.0
31.2,15.6,178.0,3042.0
25.0,11.3,162.0,3138.0
25.1,15.8,156.0,3045.0
28.7,15.2,203.0,3860.0
27.8,14.7,176.0,3108.0
39.1,13.5,207.0,3598.0
48.6,14.4,178.0,3868.0
37.3,13.3,187.0,3323.0
27.4,16.5,184.0,3379.0
28.3,18.4,186.0,4125.0
37.9,15.7,183.0,3257.0
31.3,16.9,197.0,3825.0
27.2,15.3,203.0,3811.0
42.2,14.6,188.0,3694.0
40.0,17.9,188.0,3902.0
25.7,16.2,199.0,3490.0
35.2,17.8,188.0,3552.0
37.5,18.7,199.0,3480.0
34.6,18.7,191.0,3581.0
38.0,17.4,185.0,4161.0
27.4,15.5,189.0,3664.0
26.4,13.6,207.0,3653.0
38.4,18.0,187.0,3049.0
32.8,11.6,182.0,3572.0
36.1,14.5,211.0,3479.0
41.8,18.4,224.0,5171.0
39.1,18.0,189.0,4922.0
51.8,20.0,239.0,5157.0
53.8,18.5,213.0,4532.0
47.2,18.3,190.0,6216.0
55.5,23.7,244.0,5130.0
44.1,21.1,232.0,5219.0
48.3,19.6,203.0,4202.0
56.2,16.0,194.0,4854.0
51.7,16.2,213.0,4856.0
66.0,16.4,246.0,4819.0
46.6,19.1,213.0,5626.0
54.9,19.3,237.0,5424.0
48.3,21.3,207.0,6426.0
66.4,18.1,257.0,5146.0
33.3,15.7,263.0,4979.0
55.4,20.5,223.0,5438.0
65.0,19.4,256.0,5920.0
35.8,18.9,240.0,5470.0
53.7,16.6,219.0,5711.0
48.6,18.4,258.0,7273.0
65.9,23.8,254.0,6318.0
78.4,18.9,259.0,5445.0
46.7,16.8,228.0,5368.0
50.7,15.8,256.0,5228.0
30.0,21.8,197.0,4685.0
37.0,18.6,213.0,4592.0
41.4,19.3,182.0,3983.0
26.2,21.4,187.0,3548.0
19.6,15.9,169.0,3981.0
23.6,18.2,216.0,5734.0
28.4,19.1,204.0,3741.0
31.3,15.7,187.0,3346.0
29.8,23.4,198.0,3842.0
26.6,19.0,202.0,3403.0
25.2,18.4,191.0,3861.0
31.8,21.2,155.0,3879.0
27.1,20.4,178.0,3665.0
30.8,17.2,179.0,3413.0
21.2,16.4,187.0,3960.0
21.3,16.4,181.0,4037.0
32.4,15.9,165.0,3792.0
34.0,16.6,191.0,4299.0
27.9,16.0,172.0,3122.0
35.4,16.7,207.0,4026.0
25.6,12.2,186.0,4508.0
24.2,19.1,179.0,4040.0
22.0,13.7,187.0,4630.0
28.4,17.7,172.0,3923.0
31.8,18.9,175.0,4698.0
25.7,17.9,199.0,3765.0
30.6,18.7,209.0,4706.0
35.8,20.3,211.0,5245.0
32.4,17.6,195.0,4325.0
29.9,16.6,193.0,3932.0
30.2,19.7,169.0,3705.0
27.6,19.9,204.0,5210.0
33.5,18.6,176.0,4418.0
31.0,19.3,221.0,4589.0
18.4,17.9,176.0,4277.0
35.0,19.9,192.0,4937.0
23.8,19.1,232.0,5408.0
36.0,18.1,246.0,4476.0
26.2,19.2,205.0,4923.0
27.3,21.4,216.0,4837.0
35.2,18.0,202.0,4898.0
30.1,14.3,163.0,4142.0
18.8,18.6,197.0,4198.0
27.6,22.5,191.0,4053.0
29.0,16.2,200.0,4942.0
30.2,16.1,206.0,4529.0
28.6,18.6,197.0,4912.0
37.0,18.9,196.0,4276.0
29.6,19.1,182.0,4816.0
27.8,21.6,225.0,5063.0
25.8,17.7,218.0,5392.0
23.4,17.7,209.0,4263.0
29.5,17.3,204.0,4979.0
33.7,15.0,190.0,4382.0
28.3,16.9,198.0,4692.0
22.4,19.7,188.0,4568.0
25.2,20.3,209.0,4853.0
31.3,19.0,236.0,5498.0
29.2,17.5,232.0,4941.0
23.5,18.5,179.0,4297.0
25.9,15.4,215.0,4433.0
28.4,19.3,193.0,4789.0
27.6,17.5,221.0,4390.0
34.2,15.4,183.0,4943.0
33.6,19.4,209.0,4545.0
31.7,18.0,231.0,4358.0
48.1,17.6,207.0,5155.0
28.1,11.9,172.0,3060.0
27.1,15.6,185.0,3122.0
30.6,14.1,156.0,2961.0
33.9,15.2,156.0,2856.0
30.9,14.5,173.0,3167.0
24.5,12.7,172.0,3066.0
33.8,14.4,185.0,2477.0
34.7,16.0,160.0,3385.0
25.6,14.5,159.0,3148.0
34.8,14.0,189.0,2924.0
30.6,11.0,170.0,3121.0
32.4,13.2,162.0,3084.0
32.5,13.5,177.0,3099.0
31.4,16.7,150.0,2826.0
30.9,15.0,190.0,3635.0
33.4,13.8,184.0,3902.0
31.6,17.7,190.0,3647.0
32.7,17.7,188.0,3668.0
36.3,19.2,182.0,3414.0
35.2,16.5,191.0,3293.0
35.0,17.0,191.0,3425.0
37.7,13.1,182.0,3490.0
32.9,14.9,204.0,4075.0
27.6,13.7,179.0,3771.0
31.1,13.1,198.0,3548.0
33.7,17.1,179.0,3926.0
27.8,17.3,187.0,3893.0
30.5,14.2,195.0,3945.0
39.3,17.8,186.0,3394.0
27.7,13.5,169.0,3467.0
32.4,22.0,214.0,4452.0
32.2,19.8,219.0,4437.0
31.8,19.3,197.0,3749.0
42.7,20.0,218.0,4866.0
33.4,14.8,193.0,4527.0
33.6,20.9,216.0,5069.0
32.7,17.8,166.0,4603.0
56.7,17.0,206.0,4030.0
46.1,18.8,254.0,6131.0
34.4,23.3,207.0,4929.0
54.2,15.0,229.0,6385.0
50.6,19.0,227.0,6729.0
42.2,20.0,202.0,4654.0
44.4,16.2,204.0,4540.0
56.3,18.0,220.0,4289.0
41.1,15.9,202.0,4270.0
50.0,20.7,228.0,5835.0
49.0,19.8,254.0,5244.0
58.1,20.1,244.0,5567.0
45.5,18.6,258.0,5120.0
49.6,22.5,211.0,5684.0
55.0,18.4,239.0,4374.0
44.4,20.8,237.0,5454.0
61.6,14.8,236.0,5825.0
51.5,16.9,190.0,5184.0
53.9,16.1,210.0,4896.0
50.2,19.2,221.0,6041.0
51.5,15.8,237.0,4856.0
45.4,20.3,221.0,5057.0
44.1,17.3,237.0,4876.0
46.9,23.5,219.0,6284.0
37.2,18.6,221.0,4817.0
42.1,17.5,207.0,4601.0
48.7,18.0,230.0,6069.0
71.3,21.6,261.0,6220.0
52.9,22.9,232.0,5463.0
46.5,16.4,237.0,6146.0
48.1,18.8,211.0,5638.0
62.0,18.1,263.0,5304.0
44.4,21.7,263.0,6603.0
63.9,24.7,259.0,6959.0
50.7,17.7,236.0,4806.0
38.2,16.7,229.0,4924.0
57.7,25.1,250.0,6709.0
57.7,19.1,233.0,5515.0
58.4,20.0,248.0,6579.0
55.4,15.7,227.0,5246.0
44.1,14.3,235.0,5400.0
59.5,21.7,245.0,5816.0
56.3,18.0,247.0,6528.0
41.3,18.4,253.0,5545.0
62.8,15.7,238.0,4813.0
51.0,20.0,250.0,5539.0
51.5,16.6,224.0,5773.0
55.9,16.3,227.0,5527.0
28.2,14.4,177.0,4312.0
31.3,20.5,166.0,4347.0
27.3,19.1,196.0,4217.0
31.2,16.2,185.0,3972.0
32.9,13.9,188.0,4750.0
27.8,17.1,185.0,3845.0
27.9,14.4,186.0,3996.0
29.8,15.0,183.0,3629.0
25.2,20.4,167.0,3492.0
28.1,16.2,173.0,3715.0
27.0,19.1,183.0,4551.0
25.3,18.1,171.0,3824.0
24.1,16.7,159.0,4176.0
25.2,21.7,191.0,4476.0
26.2,15.5,177.0,4028.0
18.0,18.1,183.0,5731.0
27.9,16.2,177.0,3562.0
30.2,15.4,184.0,3761.0
27.7,15.2,185.0,4306.0
34.5,19.1,207.0,5013.0
27.4,21.7,192.0,4468.0
26.0,14.6,171.0,3372.0
24.6,16.6,175.0,3415.0
38.4,18.5,170.0,3777.0
13.6,21.0,196.0,3778.0
38.9,21.9,195.0,3994.0
27.2,16.9,218.0,4457.0
30.1,19.7,199.0,5656.0
33.3,19.9,232.0,5086.0
32.1,24.0,212.0,6122.0
30.2,18.1,233.0,4737.0
38.8,18.2,181.0,4110.0
34.5,16.0,208.0,5813.0
27.2,19.4,189.0,4672.0
40.4,16.4,188.0,4662.0
29.0,16.9,206.0,3961.0
26.1,23.3,187.0,4764.0
26.6,17.9,189.0,4323.0
28.7,16.9,209.0,4489.0
24.6,18.3,192.0,4897.0
32.3,20.4,214.0,5465.0
36.6,20.5,215.0,4973.0
31.2,17.7,227.0,4085.0
25.3,17.7,208.0,5270.0
35.9,20.0,218.0,6305.0
29.6,21.4,189.0,4484.0
27.8,17.8,199.0,5071.0
38.5,22.0,228.0,5493.0
24.9,21.2,208.0,5116.0
31.9,17.0,185.0,4881.0
30.6,20.3,216.0,5539.0
25.5,12.4,173.0,3182.0
36.1,18.2,150.0,3068.0
38.5,14.3,167.0,3075.0
28.0,18.2,187.0,3007.0
30.6,12.8,185.0,2923.0
26.9,16.9,178.0,2730.0
23.7,17.7,188.0,2765.0
24.4,17.5,167.0,2923.0
24.5,15.8,169.0,2976.0
36.2,17.0,167.0,2806.0
32.2,15.9,176.0,2792.0
25.2,12.9,199.0,2927.0
28.0,16.4,189.0,3682.0
22.8,13.2,174.0,3384.0
32.8,14.7,177.0,4050.0
21.7,19.8,187.0,3497.0
38.5,12.7,194.0,3580.0
34.6,17.5,181.0,3596.0
34.4,14.2,196.0,3188.0
30.7,15.7,187.0,3760.0
39.9,12.0,188.0,3814.0
37.5,15.2,187.0,3340.0
21.8,18.6,167.0,3563.0
37.4,15.0,165.0,3402.0
35.4,19.0,199.0,3673.0
30.9,15.7,187.0,4120.0
32.4,11.1,166.0,4005.0
35.1,16.3,190.0,3573.0
43.1,16.2,177.0,3740.0
29.2,12.3,191.0,3220.0
39.4,18.0,226.0,4864.0
36.6,16.3,216.0,4249.0
27.5,15.3,198.0,4036.0
46.0,20.0,238.0,5080.0
48.2,17.5,232.0,5773.0
36.3,16.6,255.0,4688.0
62.9,20.4,217.0,5661.0
45.8,17.8,217.0,5385.0
50.5,17.0,241.0,6383.0
54.0,21.1,241.0,5907.0
67.0,19.9,269.0,6728.0
44.2,18.3,215.0,4892.0
63.9,20.6,212.0,4824.0
60.7,21.7,220.0,6717.0
55.3,20.2,203.0,4821.0
45.0,15.2,240.0,5583.0
63.3,19.6,213.0,5178.0
57.5,14.8,215.0,4563.0
70.0,20.9,222.0,6889.0
49.8,14.2,227.0,5102.0
60.3,22.1,228.0,5645.0
50.4,23.1,245.0,5413.0
58.5,19.6,246.0,6804.0
61.8,19.9,242.0,6522.0
51.8,25.8,269.0,8673.0
60.4,22.5,273.0,8270.0
53.8,16.8,210.0,6234.0
50.6,20.9,227.0,6266.0
64.0,20.5,222.0,6628.0
75.5,22.6,254.0,7572.0
62.7,22.3,285.0,6985.0
68.2,21.4,266.0,7987.0
25.3,19.2,207.0,5480.0
27.5,16.8,192.0,3540.0
29.2,19.5,158.0,3987.0
24.4,17.7,178.0,3918.0
30.0,17.5,163.0,4251.0
20.4,17.3,193.0,4159.0
34.7,21.2,192.0,4969.0
40.1,18.3,190.0,4170.0
29.6,21.2,171.0,3796.0
29.8,16.7,163.0,4042.0
32.0,17.1,194.0,4286.0
24.9,18.0,184.0,3944.0
28.6,18.9,206.0,3623.0
33.9,17.6,192.0,4379.0
35.7,19.5,220.0,4666.0
27.8,22.2,230.0,4248.0
25.2,15.5,223.0,4537.0
25.5,16.8,168.0,3973.0
27.9,16.3,197.0,3867.0
23.8,17.2,181.0,4485.0
27.0,22.8,179.0,5165.0
35.7,18.6,200.0,4486.0
22.3,17.8,200.0,4091.0
26.4,21.1,191.0,4552.0
29.9,16.4,195.0,4391.0
30.3,13.4,222.0,4069.0
27.5,14.9,195.0,4642.0
28.5,22.7,204.0,3933.0
25.3,18.9,184.0,4645.0
35.5,17.3,165.0,3990.0
26.7,17.3,183.0,4060.0
24.7,16.3,167.0,4251.0
28.7,20.3,182.0,3218.0
30.1,19.4,180.0,4236.0
32.9,16.2,160.0,4444.0
21.7,18.5,175.0,3938.0
28.4,18.3,192.0,3346.0
30.9,19.8,211.0,4887.0
26.8,18.9,186.0,4941.0
23.6,19.8,176.0,4096.0
26.4,20.0,232.0,4303.0
33.2,15.7,214.0,3423.0
28.4,17.8,191.0,3489.0
33.2,22.0,200.0,4026.0
28.6,15.6,186.0,3930.0
22.0,17.4,185.0,3818.0
31.2,17.2,175.0,4091.0
28.6,19.3,177.0,5075.0
42.5,19.5,191.0,5199.0
30.9,20.6,246.0,4995.0
30.6,22.7,220.0,4725.0
23.6,21.0,184.0,4624.0
23.3,21.5,267.0,6298.0
27.0,18.7,204.0,5442.0
37.5,14.5,201.0,4928.0
17.0,19.8,201.0,5032.0
29.0,18.2,207.0,5049.0
30.0,19.8,207.0,4703.0
29.3,18.2,208.0,4487.0
35.4,17.1,208.0,4974.0
22.3,21.0,200.0,5182.0
30.7,20.0,193.0,4223.0
35.7,18.1,201.0,4994.0
40.6,18.2,216.0,4412.0
28.3,15.4,192.0,4502.0
19.8,17.7,232.0,5272.0
26.1,18.0,205.0,4635.0
27.7,19.8,222.0,5187.0
33.2,20.4,201.0,3581.0
29.0,22.5,253.0,5538.0
26.8,18.6,221.0,5029.0
31.3,17.6,179.0,4806.0
32.2,19.6,200.0,5281.0
27.8,21.1,182.0,4586.0
34.9,19.7,217.0,5360.0
24.5,21.7,218.0,4825.0
27.1,19.3,196.0,4948.0
30.5,14.5,221.0,4727.0
40.5,21.4,252.0,3998.0
39.5,21.4,211.0,6185.0
31.2,16.9,214.0,4687.0
23.3,16.1,210.0,5246.0
40.4,19.0,226.0,5688.0
27.8,18.0,200.0,5970.0
28.8,19.3,188.0,5247.0
20.8,19.3,201.0,5584.0
31.9,17.3,232.0,4536.0
22.1,18.8,208.0,4477.0
28.4,17.2,194.0,5644.0
29.0,22.9,204.0,4697.0
31.0,18.8,239.0,6198.0
29.7,17.2,181.0,3012.0
35.8,13.5,186.0,2985.0
38.8,14.8,174.0,3011.0
29.5,16.9,171.0,3604.0
31.6,17.5,178.0,3418.0
22.7,14.5,203.0,3560.0
28.7,12.3,174.0,3300.0
39.9,16.5,169.0,2980.0
30.8,17.7,188.0,3351.0
32.9,15.9,154.0,3517.0
29.1,15.4,174.0,3360.0
33.8,19.2,169.0,2871.0
31.3,12.0,181.0,2831.0
37.0,18.5,192.0,4010.0
41.6,14.8,198.0,3886.0
31.3,18.4,191.0,3807.0
27.0,19.7,201.0,3962.0
35.4,16.9,157.0,3986.0
29.8,18.1,192.0,3942.0
32.1,16.6,204.0,4367.0
29.6,17.5,200.0,3988.0
35.3,16.3,195.0,3618.0
40.8,17.1,192.0,4138.0
35.3,17.7,188.0,4336.0
34.8,15.7,189.0,3524.0
30.2,14.6,185.0,3964.0
30.4,13.2,209.0,3989.0
30.5,14.4,204.0,3433.0
35.4,17.3,196.0,4084.0
31.9,15.5,192.0,3680.0
28.2,14.4,213.0,3710.0
44.8,17.2,197.0,4409.0
34.1,19.9,199.0,4081.0
44.8,17.2,199.0,4246.0
43.9,18.6,201.0,4597.0
58.8,22.4,213.0,5640.0
34.0,17.9,230.0,5797.0
40.2,20.8,235.0,6246.0
37.2,19.3,213.0,4707.0
45.9,20.7,233.0,6448.0
51.9,18.9,242.0,6727.0
51.9,18.8,206.0,4455.0
64.3,23.0,251.0,6569.0
75.2,20.5,273.0,6100.0
54.7,18.3,223.0,5336.0
67.5,20.1,251.0,6538.0
42.3,19.8,224.0,4826.0
53.8,18.8,253.0,7151.0
52.0,16.2,242.0,5955.0
57.7,21.7,257.0,5001.0
55.9,21.8,252.0,5669.0
59.8,19.6,252.0,5204.0
56.7,17.7,235.0,5689.0
50.9,19.9,261.0,7814.0
57.7,16.4,210.0,4604.0
60.2,18.4,234.0,5035.0
50.7,21.0,245.0,6537.0
50.1,21.7,222.0,4494.0
57.6,19.2,228.0,5341.0
61.9,22.5,227.0,6770.0
62.1,18.4,219.0,5899.0
72.8,20.1,222.0,6472.0
44.9,19.0,217.0,5487.0
63.2,22.7,251.0,6107.0
54.7,17.8,230.0,4327.0
65.0,19.4,220.0,5163.0
54.2,21.4,252.0,6365.0
64.1,21.0,232.0,6183.0
41.5,22.7,249.0,6842.0
53.4,19.1,220.0,5042.0
62.8,20.7,256.0,7005.0
56.9,18.9,208.0,5749.0
44.0,16.8,263.0,8055.0
53.5,20.7,221.0,6428.0
48.9,16.9,207.0,5739.0
57.0,20.6,248.0,6819.0
50.3,19.0,218.0,5940.0
67.4,21.9,250.0,6793.0
71.0,25.0,245.0,6604.0
54.6,21.7,211.0,5487.0
70.7,21.0,252.0,6609.0
55.8,20.1,226.0,5673.0
62.8,20.2,249.0,7279.0
61.5,19.4,234.0,5694.0
61.4,21.4,227.0,5929.0
48.6,17.0,254.0,5819.0
67.1,18.1,224.0,5017.0
58.3,17.6,263.0,5902.0
58.3,18.6,241.0,4912.0
53.6,18.9,220.0,5293.0
53.9,20.9,259.0,4791.0
56.9,19.0,242.0,7183.0
56.9,20.8,235.0,6371.0
49.0,19.3,246.0,4513.0
52.6,21.9,254.0,6463.0
43.4,19.5,207.0,6048.0
56.7,20.4,241.0,6433.0
57.2,20.7,249.0,5806.0
63.3,21.5,258.0,5682.0
52.4,18.2,198.0,7231.0
60.4,19.3,220.0,5538.0
67.6,21.3,275.0,6209.0
66.5,23.8,269.0,8618.0
61.7,18.5,247.0,6595.0
75.3,20.5,270.0,7006.0
65.0,24.2,301.0,7701.0
67.6,20.2,245.0,6860.0
38.6,16.8,231.0,6902.0
54.4,22.4,274.0,5962.0
52.6,21.7,270.0,6771.0
62.3,21.0,250.0,7238.0
70.2,19.5,243.0,6685.0
69.8,22.1,284.0,8005.0
63.6,20.4,288.0,7496.0
57.2,23.4,211.0,6439.0
80.9,25.3,251.0,8283.0
68.5,20.4,271.0,8002.0
52.2,17.5,242.0,6334.0
61.7,25.3,250.0,6247.0
65.2,22.4,262.0,9651.0
76.6,20.6,238.0,7201.0
69.3,20.0,272.0,8515.0
56.7,23.5,284.0,8066.0
55.7,18.9,242.0,6980.0
71.7,25.8,238.0,7455.0
61.3,20.4,241.0,6780.0
54.6,22.0,246.0,6283.0
76.7,20.2,212.0,7167.0
58.3,21.7,201.0,6506.0
65.7,19.8,266.0,8818.0
52.5,21.8,253.0,7081.0
68.1,27.9,233.0,8729.0
49.9,18.9,264.0,5384.0
59.2,23.6,268.0,8935.0
72.3,20.0,249.0,6706.0
65.0,19.4,235.0,6082.0
60.4,20.5,263.0,7396.0
56.7,23.1,261.0,9358.0
38.9,16.0,237.0,6817.0
66.2,24.8,277.0,7226.0
55.2,19.9,265.0,8386.0
64.3,17.0,268.0,8577.0
59.4,25.3,259.0,7261.0
53.7,18.7,267.0,7753.0
59.7,24.8,260.0,7994.0
81.0,24.5,283.0,6874.0
52.4,17.0,238.0,6762.0
51.6,21.1,225.0,6614.0
73.2,21.9,269.0,6488.0
48.8,23.0,266.0,5407.0
62.4,24.8,278.0,7655.0
64.8,26.9,239.0,7287.0
68.9,22.2,215.0,6760.0
44.2,21.6,214.0,6730.0
61.3,20.7,239.0,6323.0
77.2,22.6,287.0,8848.0
66.6,18.4,273.0,7253.0
49.3,25.2,294.0,7623.0
73.1,21.4,219.0,6526.0
67.5,23.2,276.0,6214.0
63.3,19.6,275.0,8618.0
33.6,19.3,189.0,3946.0
29.2,21.0,219.0,4541.0
28.1,17.5,168.0,4153.0
37.8,20.3,183.0,5803.0
28.1,19.7,170.0,4286.0
28.1,19.3,210.0,5146.0
34.2,22.1,227.0,6794.0
32.8,16.9,183.0,5382.0
29.0,17.7,223.0,5328.0
33.5,20.5,219.0,7316.0
31.1,18.2,202.0,4502.0
27.1,17.8,198.0,3829.0
29.5,17.3,183.0,3906.0
37.2,21.5,215.0,4894.0
27.9,16.5,203.0,4172.0
24.8,18.8,168.0,4442.0
33.2,18.8,187.0,4837.0
31.9,18.0,165.0,3670.0
37.8,21.4,202.0,5564.0
40.1,18.1,164.0,4417.0
26.6,19.6,205.0,4198.0
20.4,17.9,224.0,4003.0
30.4,17.5,168.0,4473.0
26.7,21.5,202.0,5384.0
34.6,20.6,170.0,4597.0
32.2,24.7,196.0,3761.0
32.1,18.3,206.0,4236.0
29.7,22.5,196.0,5506.0
33.2,18.1,195.0,3608.0
32.0,20.5,195.0,4665.0
32.3,23.6,200.0,5826.0
29.8,21.3,219.0,4491.0
32.1,22.4,197.0,6020.0
22.1,19.9,213.0,4011.0
39.3,21.0,217.0,4866.0
40.1,18.1,176.0,4138.0
23.3,18.3,172.0,4241.0
34.1,16.4,217.0,4246.0
24.9,21.1,171.0,3547.0
32.5,24.7,219.0,5764.0
22.0,16.2,189.0,4021.0
32.7,23.1,194.0,6550.0
35.6,20.9,198.0,5632.0
29.9,17.7,193.0,4331.0
34.6,21.3,215.0,5513.0
29.4,18.3,203.0,5415.0
30.7,19.3,173.0,5232.0
29.1,24.1,211.0,6536.0
30.3,18.4,202.0,5050.0
29.3,20.1,189.0,5363.0
31.3,18.5,202.0,4841.0
40.7,23.6,229.0,5165.0
26.1,26.0,185.0,5410.0
27.6,18.5,193.0,4997.0
31.6,20.5,206.0,5126.0
32.4,22.9,228.0,6502.0
35.4,18.0,192.0,5663.0
29.5,19.8,222.0,4565.0
31.4,20.8,204.0,5035.0
38.4,17.5,221.0,5011.0
23.7,19.4,235.0,4777.0
38.8,20.7,222.0,4811.0
28.2,17.3,208.0,4354.0
30.6,19.5,191.0,5596.0
27.4,21.4,231.0,4968.0
33.2,19.1,245.0,6143.0
32.9,22.6,208.0,5913.0
34.6,20.0,211.0,4667.0
22.8,16.8,218.0,4499.0
29.6,18.1,226.0,4984.0
31.6,20.7,209.0,5352.0
31.6,17.1,199.0,3581.0
24.6,18.5,205.0,4690.0
30.4,22.3,204.0,6324.0
31.9,19.2,239.0,5677.0
29.9,18.9,175.0,5322.0
26.5,20.2,231.0,7409.0
33.7,22.4,243.0,5370.0
33.0,22.2,218.0,5188.0
35.7,19.2,234.0,6438.0
31.9,17.7,204.0,5682.0
25.6,23.7,209.0,4771.0
39.7,22.7,251.0,8175.0
37.0,22.6,209.0,5519.0
38.5,19.3,197.0,5044.0
35.2,19.8,219.0,5893.0
33.3,21.2,230.0,5915.0
35.9,21.0,206.0,5852.0
30.3,20.6,238.0,4915.0
28.6,19.6,205.0,4904.0
34.2,19.8,199.0,5330.0
44.6,21.3,206.0,5373.0
27.4,15.6,204.0,5680.0
26.0,16.1,195.0,5234.0
31.0,19.8,206.0,4541.0
30.9,25.0,210.0,5019.0
45.2,21.2,245.0,6112.0
34.8,24.6,241.0,5167.0
24.7,19.8,213.0,5513.0
28.2,21.0,220.0,6127.0
28.0,20.6,234.0,5528.0
29.5,19.0,183.0,3644.0
32.6,13.8,173.0,3356.0
37.9,13.4,198.0,3256.0
36.7,17.8,176.0,3570.0
26.1,16.8,172.0,3554.0
39.1,13.5,183.0,3773.0
29.8,13.2,170.0,3115.0
27.4,16.5,175.0,3778.0
33.9,17.5,186.0,3539.0
47.1,17.6,209.0,3820.0
33.4,15.8,186.0,3817.0
35.5,15.9,192.0,2770.0
38.5,16.0,175.0,3815.0
30.7,18.0,183.0,3828.0
36.6,13.9,161.0,3123.0
30.9,17.0,167.0,3031.0
37.8,19.0,182.0,3732.0
37.0,16.3,184.0,3534.0
36.6,17.3,188.0,3307.0
35.9,17.8,178.0,3932.0
45.1,15.7,195.0,3591.0
36.2,16.8,186.0,2874.0
37.7,14.4,162.0,3195.0
36.8,18.0,162.0,3813.0
30.0,17.3,181.0,3511.0
31.2,19.3,178.0,3284.0
29.6,18.8,182.0,3636.0
31.1,19.4,177.0,3318.0
32.5,19.5,174.0,3126.0
34.0,15.6,173.0,3805.0
33.9,18.0,179.0,3850.0
37.9,18.3,188.0,3644.0
41.8,15.8,169.0,3040.0
40.7,19.5,179.0,4055.0
36.4,16.8,194.0,4045.0
30.8,18.3,163.0,3882.0
40.2,19.2,186.0,3591.0
32.2,17.9,178.0,3527.0
41.0,22.2,188.0,4275.0
32.5,18.1,209.0,3965.0
41.3,22.7,185.0,4437.0
54.3,12.1,194.0,3753.0
33.0,16.8,192.0,4251.0
36.2,16.1,190.0,3879.0
43.5,21.7,195.0,4994.0
43.3,17.3,188.0,3615.0
37.8,18.6,215.0,4376.0
37.6,15.6,190.0,3903.0
47.5,20.4,206.0,4126.0
42.0,16.1,217.0,4022.0
41.6,14.2,203.0,3599.0
37.0,17.4,202.0,4332.0
40.8,16.5,204.0,3900.0
38.2,18.1,211.0,4390.0
29.6,16.1,189.0,3831.0
37.6,19.5,196.0,4059.0
36.8,17.0,198.0,4664.0
43.7,19.0,186.0,4378.0
36.0,18.6,201.0,3526.0
38.2,18.0,179.0,3742.0
39.6,16.7,201.0,3916.0
41.0,15.5,195.0,3955.0
37.6,16.2,185.0,3762.0
27.7,14.5,194.0,4449.0
43.1,19.0,181.0,4644.0
45.6,20.5,204.0,3885.0
39.2,19.1,186.0,4007.0
41.9,16.2,215.0,4385.0
35.8,19.7,212.0,4065.0
30.6,18.6,208.0,4791.0
32.5,16.4,214.0,4042.0
34.1,16.9,188.0,3986.0
46.3,17.1,214.0,4971.0
35.0,17.6,226.0,4541.0
28.9,20.3,205.0,5630.0
43.4,20.9,215.0,6578.0
40.6,18.3,197.0,6588.0
42.2,20.0,248.0,7068.0
38.9,18.3,211.0,4373.0
45.1,18.6,192.0,5079.0
59.1,19.4,232.0,6590.0
38.6,25.9,221.0,5797.0
45.6,18.3,183.0,4367.0
52.7,18.5,224.0,5868.0
56.2,23.2,244.0,6834.0
51.2,16.2,242.0,5107.0
55.6,23.0,227.0,8445.0
37.4,24.1,231.0,6664.0
34.6,16.4,207.0,4565.0
52.9,16.9,207.0,5242.0
65.2,19.1,206.0,5543.0
37.2,16.8,190.0,4934.0
45.0,16.7,207.0,5112.0
55.9,14.4,209.0,4652.0
53.8,20.4,244.0,4763.0
52.3,21.0,218.0,5531.0
50.6,16.1,222.0,4932.0
46.2,16.9,213.0,5847.0
42.6,22.1,239.0,4772.0
55.4,17.5,230.0,5446.0
61.7,19.4,223.0,5511.0
49.4,17.2,195.0,4842.0
40.3,20.2,217.0,4508.0
46.9,22.7,231.0,5916.0
58.7,20.6,215.0,4228.0
65.8,26.1,245.0,6001.0
56.3,17.1,195.0,4623.0
62.9,10.1,218.0,6010.0
38.0,18.0,255.0,5454.0
50.3,18.1,243.0,4020.0
35.1,20.1,203.0,5111.0
56.3,18.6,236.0,5258.0
56.5,22.9,265.0,6538.0
56.8,20.6,298.0,5560.0
63.4,20.8,289.0,6008.0
58.3,19.4,266.0,6648.0
64.0,20.9,248.0,6887.0
37.6,17.8,212.0,4877.0
63.2,21.3,268.0,7172.0
44.5,21.0,269.0,6644.0
56.1,15.6,235.0,6095.0
53.4,16.1,221.0,6248.0
46.6,15.6,208.0,5937.0
59.4,19.0,248.0,6450.0
35.7,23.0,223.0,4639.0
54.6,19.7,245.0,7369.0
61.3,18.3,282.0,7205.0
57.1,19.9,227.0,6289.0
55.7,11.3,215.0,6030.0
36.7,19.8,205.0,5992.0
51.4,17.9,220.0,5857.0
56.0,17.5,227.0,7077.0
24.8,19.6,211.0,5017.0
29.8,14.3,154.0,3859.0
30.5,21.2,220.0,3690.0
27.7,25.2,265.0,6702.0
34.7,15.7,195.0,4289.0
30.9,20.0,229.0,4661.0
23.2,15.0,183.0,3857.0
22.3,16.3,174.0,3831.0
26.9,20.7,163.0,3545.0
21.4,16.3,170.0,3881.0
23.8,18.8,167.0,3728.0
25.0,13.2,187.0,3588.0
24.0,13.8,199.0,3642.0
22.5,18.9,190.0,3719.0
26.9,18.7,203.0,4425.0
25.1,18.5,202.0,3981.0
16.3,15.7,164.0,3992.0
28.5,15.7,187.0,4544.0
33.1,19.2,204.0,4351.0
29.4,16.2,213.0,4870.0
33.2,19.3,211.0,4628.0
31.7,15.1,193.0,3526.0
21.0,18.3,175.0,3745.0
19.4,16.5,174.0,3550.0
26.9,17.3,194.0,4406.0
32.9,19.8,184.0,4453.0
28.8,22.0,195.0,4312.0
28.8,18.3,228.0,5869.0
20.5,15.5,185.0,4577.0
24.7,15.2,200.0,4240.0
31.9,18.2,189.0,4309.0
29.4,15.3,183.0,3984.0
20.9,20.0,236.0,4538.0
37.1,19.8,229.0,5649.0
35.1,18.9,234.0,5542.0
19.6,14.9,185.0,4464.0
37.9,22.4,230.0,5841.0
26.5,19.2,200.0,4697.0
35.7,19.5,236.0,5275.0
21.1,19.3,221.0,4846.0
19.1,17.7,196.0,4264.0
30.8,22.5,230.0,4676.0
24.5,15.7,176.0,4936.0
31.7,19.3,223.0,5728.0
30.2,19.7,167.0,4743.0
29.9,19.8,203.0,4296.0
27.2,18.6,203.0,5085.0
28.9,18.5,166.0,3018.0
32.5,15.6,174.0,2696.0
28.6,15.0,176.0,3088.0
28.1,15.3,174.0,2586.0
25.9,12.2,152.0,2775.0
35.0,14.6,172.0,3003.0
26.9,19.1,175.0,2875.0
39.3,19.2,176.0,3238.0
23.4,15.2,168.0,3034.0
35.9,13.9,170.0,3125.0
19.1,17.1,164.0,3133.0
29.2,14.9,183.0,2911.0
27.1,16.9,157.0,2787.0
32.2,13.5,174.0,2990.0
34.1,15.6,160.0,3173.0
39.7,14.3,165.0,2953.0
27.3,15.0,170.0,3118.0
26.3,13.9,150.0,2995.0
34.4,14.7,156.0,2689.0
29.3,15.6,154.0,2706.0
26.8,16.4,174.0,3312.0
27.8,14.7,180.0,2766.0
26.4,17.9,154.0,2872.0
21.7,12.4,168.0,3184.0
41.8,12.5,190.0,3276.0
24.5,16.0,209.0,3529.0
33.9,15.2,178.0,3356.0
35.8,14.4,202.0,3755.0
25.6,13.7,193.0,3496.0
32.3,10.8,176.0,4073.0
36.2,14.4,206.0,3270.0
30.3,17.1,189.0,3715.0
31.8,17.3,196.0,3322.0
31.8,18.4,172.0,3713.0
27.9,15.9,200.0,3576.0
32.8,15.1,194.0,3899.0
56.1,17.0,214.0,4889.0
38.6,19.6,218.0,4732.0
33.6,14.9,181.0,4266.0
40.9,18.8,213.0,5692.0
39.7,19.3,180.0,3799.0
45.4,18.6,235.0,6317.0
46.8,17.6,228.0,5999.0
54.6,17.9,239.0,5099.0
57.1,16.6,246.0,5987.0
49.1,19.9,242.0,6234.0
53.7,19.7,220.0,5676.0
44.3,19.5,201.0,4550.0
60.0,18.2,218.0,4948.0
65.3,20.9,244.0,6943.0
50.7,18.9,222.0,6102.0
50.4,16.5,250.0,5652.0
44.0,19.4,213.0,6235.0
54.5,20.6,248.0,5761.0
24.4,16.9,173.0,2816.0
19.5,16.4,158.0,3150.0
24.7,19.8,208.0,4566.0
33.8,15.8,199.0,4421.0
22.3,17.5,181.0,4027.0
29.1,16.9,186.0,4434.0
27.5,19.1,166.0,3729.0
35.7,16.4,200.0,4678.0
25.2,12.2,180.0,3987.0
19.1,13.6,173.0,2951.0
31.3,18.9,215.0,4067.0
28.7,13.9,182.0,4000.0
24.0,14.4,186.0,4293.0
26.6,15.6,198.0,3590.0
25.7,18.1,169.0,3858.0
26.4,17.5,179.0,5269.0
27.9,16.6,185.0,4052.0
20.8,16.5,189.0,3670.0
22.4,14.1,151.0,4073.0
27.1,17.8,170.0,3702.0
30.8,21.5,175.0,4676.0
27.7,13.5,186.0,3898.0
31.0,17.2,202.0,3655.0
25.1,14.5,177.0,3773.0
21.3,16.6,215.0,3037.0
25.2,14.1,183.0,3893.0
17.1,19.5,184.0,3966.0
25.3,19.8,177.0,3753.0
35.8,20.4,211.0,5085.0
19.2,20.9,178.0,4376.0
18.6,17.2,198.0,4569.0
28.1,19.2,187.0,3562.0
27.9,18.4,206.0,4242.0
26.9,15.9,179.0,3702.0
29.4,18.3,166.0,3913.0
24.8,18.2,214.0,4482.0
31.6,24.7,208.0,5410.0
28.4,16.7,180.0,5028.0
28.7,17.4,206.0,4633.0
37.6,19.6,198.0,4115.0
33.2,17.5,193.0,4343.0
32.2,18.9,204.0,4740.0
32.3,19.2,219.0,4488.0
23.2,20.3,211.0,5563.0
20.9,18.3,196.0,3674.0
24.4,20.9,218.0,4289.0
22.4,18.1,195.0,4235.0
26.0,20.6,204.0,4503.0
26.7,18.4,193.0,4853.0
30.5,16.5,190.0,4463.0
31.4,17.1,207.0,4300.0
20.0,15.5,224.0,5046.0
24.7,19.6,179.0,4897.0
23.8,17.4,185.0,4494.0
28.3,14.0,201.0,4435.0
31.9,20.0,167.0,4595.0
38.4,21.7,208.0,5320.0
36.7,18.3,187.0,4865.0
35.9,22.0,221.0,4950.0
32.4,18.1,200.0,5508.0
34.5,16.1,237.0,5497.0
28.6,17.0,178.0,4564.0
23.3,18.7,197.0,3990.0
27.2,20.9,203.0,4007.0
34.5,18.2,208.0,4910.0
25.6,19.8,212.0,5914.0
19.7,16.8,171.0,3370.0
38.2,12.3,162.0,2997.0
28.4,13.3,154.0,3036.0
28.0,15.6,166.0,3008.0
33.4,14.9,167.0,2956.0
30.4,16.6,180.0,2731.0
30.8,13.7,180.0,2776.0
34.2,17.5,177.0,2997.0
29.4,14.0,169.0,3068.0
24.4,14.4,169.0,3252.0
36.1,17.2,176.0,2958.0
27.1,16.1,176.0,3306.0
27.3,19.0,174.0,2759.0
31.2,16.9,175.0,3042.0
23.5,17.6,169.0,2947.0
31.2,14.4,167.0,2737.0
34.7,17.6,148.0,2661.0
37.9,15.1,167.0,2913.0
37.4,11.1,179.0,3462.0
29.7,16.8,180.0,3757.0
32.3,16.5,165.0,3350.0
33.9,18.4,177.0,3543.0
33.7,15.6,217.0,3470.0
33.1,11.8,196.0,4043.0
39.6,16.5,183.0,3577.0
23.8,16.9,194.0,3692.0
30.9,11.7,168.0,3782.0
32.9,18.1,201.0,3687.0
39.1,15.6,172.0,3323.0
34.5,19.8,186.0,3355.0
41.8,14.1,170.0,3478.0
29.7,13.8,199.0,3282.0
27.5,14.7,182.0,3804.0
33.6,12.6,182.0,3968.0
37.7,16.4,195.0,3511.0
32.2,15.2,195.0,3679.0
31.3,17.9,174.0,3819.0
33.4,18.5,203.0,4767.0
33.1,21.4,212.0,5307.0
43.6,14.3,201.0,4279.0
37.4,21.0,219.0,5113.0
38.8,18.4,168.0,3793.0
52.2,20.1,245.0,6000.0
36.6,20.0,224.0,4713.0
34.0,20.5,221.0,4608.0
50.8,16.7,240.0,5267.0
44.4,16.8,225.0,4590.0
56.0,17.4,210.0,4312.0
47.0,15.8,213.0,6050.0
60.3,13.9,211.0,4436.0
63.9,18.1,230.0,5640.0
38.6,14.3,225.0,4915.0
50.5,16.5,193.0,5784.0
46.6,19.1,228.0,5667.0
41.7,16.1,268.0,5897.0
48.4,20.7,227.0,5004.0
47.5,21.0,241.0,5662.0
51.6,14.6,221.0,5556.0
50.7,19.7,219.0,5367.0
50.0,20.1,238.0,5476.0
58.3,19.2,261.0,5996.0
46.4,21.9,223.0,5135.0
50.4,17.2,207.0,4363.0
35.2,15.4,222.0,4016.0
48.1,16.0,242.0,5682.0
45.0,16.8,197.0,4591.0
43.3,18.8,240.0,5843.0
47.1,13.6,235.0,5249.0
57.0,16.3,210.0,4397.0
41.4,22.1,248.0,5335.0
31.1,18.0,233.0,4607.0
45.1,16.3,217.0,4663.0
48.2,18.6,224.0,6029.0
48.8,20.1,283.0,6016.0
60.4,20.4,210.0,5614.0
65.1,19.5,284.0,7356.0
43.3,17.4,231.0,5459.0
53.8,21.5,235.0,6656.0
55.9,20.5,256.0,6601.0
68.3,19.3,235.0,7228.0
64.4,19.0,230.0,5432.0
54.6,19.2,247.0,5966.0
51.1,19.1,244.0,6384.0
24.5,14.6,171.0,3186.0
24.4,19.2,177.0,3703.0
35.3,24.5,192.0,4219.0
24.4,18.4,189.0,5201.0
41.0,16.1,189.0,4540.0
34.0,12.9,202.0,4797.0
29.2,19.6,236.0,4345.0
24.4,18.1,183.0,3539.0
24.0,20.6,228.0,4429.0
25.1,18.0,186.0,3918.0
20.1,19.0,168.0,3918.0
28.8,21.7,177.0,4193.0
23.4,16.9,176.0,3527.0
31.4,13.7,158.0,4124.0
41.6,17.3,217.0,3925.0
21.2,20.2,195.0,4593.0
32.2,14.9,172.0,3681.0
25.3,16.9,170.0,3858.0
27.3,22.0,180.0,3936.0
25.2,21.1,222.0,4086.0
28.8,15.0,194.0,4492.0
31.4,23.7,203.0,5025.0
41.8,21.7,193.0,4836.0
29.6,19.3,200.0,4342.0
26.0,17.0,190.0,5138.0
35.8,15.9,231.0,5218.0
30.6,20.2,230.0,5537.0
28.9,20.0,214.0,4344.0
29.4,23.3,251.0,5344.0
30.6,20.8,207.0,4831.0
20.3,16.3,202.0,4326.0
33.2,18.1,176.0,4342.0
28.5,15.4,206.0,4692.0
28.2,16.9,190.0,5150.0
33.3,21.0,214.0,4663.0
29.4,18.3,221.0,4711.0
29.0,17.8,228.0,5106.0
27.8,15.3,204.0,4741.0
27.6,20.7,220.0,4926.0
26.7,21.3,199.0,4687.0
21.4,18.1,204.0,5573.0
33.1,17.6,194.0,4019.0
22.8,20.7,190.0,4504.0
27.4,25.1,215.0,4977.0
25.9,17.3,229.0,4632.0
29.5,20.6,228.0,4016.0
24.9,15.8,219.0,4473.0
36.3,17.5,140.0,3180.0
27.7,13.3,160.0,2650.0
27.7,17.6,152.0,3225.0
36.2,15.8,160.0,3054.0
41.2,13.0,171.0,2946.0
31.6,17.5,187.0,2950.0
34.4,14.6,175.0,3091.0
24.3,17.4,166.0,2871.0
33.7,13.6,177.0,3035.0
34.3,12.1,176.0,2822.0
25.2,14.1,184.0,2570.0
27.3,14.8,178.0,3123.0
36.1,15.4,170.0,3487.0
28.6,16.1,155.0,3113.0
37.1,18.9,184.0,2991.0
30.1,14.8,169.0,2921.0
29.9,18.6,161.0,2927.0
34.9,17.0,150.0,2921.0
40.3,14.8,158.0,3040.0
36.7,16.5,191.0,2898.0
40.5,18.1,201.0,3696.0
36.1,12.9,162.0,3307.0
36.4,16.7,191.0,3442.0
27.3,15.6,178.0,3871.0
28.8,17.6,175.0,3821.0
33.8,17.8,188.0,3595.0
35.7,15.8,207.0,3628.0
30.8,15.1,183.0,3480.0
31.5,13.9,196.0,3492.0
28.4,19.9,186.0,3877.0
31.5,15.6,192.0,3413.0
32.9,15.8,180.0,3487.0
34.3,16.7,189.0,3770.0
31.0,16.3,167.0,3604.0
31.5,14.8,166.0,3495.0
33.4,19.0,175.0,4225.0
40.7,18.1,198.0,5049.0
45.4,19.2,210.0,5162.0
36.0,18.1,221.0,6574.0
42.8,18.1,235.0,6636.0
55.6,21.9,226.0,4683.0
54.7,16.9,202.0,4631.0
57.5,20.9,257.0,6721.0
34.0,15.2,210.0,5008.0
52.0,18.3,210.0,4687.0
39.1,16.2,214.0,4772.0
41.1,20.7,251.0,5116.0
59.3,19.1,241.0,5865.0
56.2,16.2,200.0,5270.0
44.3,17.9,214.0,5503.0
54.9,14.9,224.0,6882.0
69.0,18.1,252.0,5732.0
43.8,22.9,225.0,6368.0
53.2,19.7,238.0,5341.0
35.7,17.2,213.0,4518.0
58.9,20.1,224.0,5445.0
60.3,22.6,232.0,6381.0
72.7,18.8,211.0,6603.0
68.5,19.3,245.0,6802.0
53.9,22.7,258.0,7333.0
43.7,19.7,240.0,6144.0
69.4,23.3,250.0,5901.0
72.3,21.5,230.0,5926.0
27.7,21.5,238.0,5542.0
28.2,23.0,227.0,4692.0
24.9,16.2,164.0,4905.0
32.3,16.9,180.0,4196.0
31.6,18.4,184.0,3715.0
31.2,21.3,194.0,4262.0
21.7,18.4,203.0,3727.0
31.4,20.5,189.0,3700.0
30.2,19.9,218.0,4564.0
27.1,19.7,181.0,3474.0
32.8,16.1,201.0,4311.0
32.5,16.7,182.0,3836.0
30.0,17.7,180.0,4025.0
27.1,15.8,178.0,4033.0
25.8,15.7,214.0,4321.0
34.5,19.3,201.0,5329.0
30.0,15.2,199.0,4195.0
26.6,17.9,188.0,3829.0
27.6,18.7,173.0,4194.0
29.9,18.4,233.0,4302.0
22.2,17.4,169.0,3790.0
35.2,19.3,203.0,4738.0
26.3,21.2,190.0,4552.0
26.4,18.3,196.0,3665.0
36.0,24.5,195.0,5448.0
21.6,17.2,186.0,3874.0
20.1,17.2,205.0,3720.0
24.3,20.3,200.0,4210.0
31.5,15.0,193.0,5363.0
30.3,19.6,178.0,4487.0
19.5,17.8,175.0,3840.0
29.0,18.2,180.0,3888.0
25.6,17.3,166.0,4286.0
33.6,19.2,208.0,3362.0
32.9,14.3,183.0,4429.0
29.1,16.5,206.0,4268.0
34.5,21.9,179.0,3853.0
29.3,18.8,223.0,4876.0
29.9,19.2,213.0,4886.0
26.8,19.1,203.0,4852.0
27.5,19.5,243.0,5268.0
34.8,16.9,200.0,6005.0
22.7,21.6,221.0,3986.0
38.6,20.4,245.0,5359.0
31.2,20.9,202.0,5221.0
28.2,18.1,216.0,5461.0
26.5,17.6,202.0,4589.0
30.9,18.4,230.0,5974.0
28.2,17.4,233.0,5841.0
29.9,20.6,197.0,4811.0
24.6,20.4,207.0,5941.0
31.6,18.3,211.0,5695.0
36.5,22.2,222.0,7364.0
23.0,17.6,208.0,4889.0
38.6,19.8,221.0,5727.0
29.5,20.6,226.0,6266.0
19.1,22.4,215.0,4802.0
31.4,17.2,197.0,4626.0
23.2,18.9,203.0,4981.0
30.1,20.7,204.0,7573.0
24.7,21.2,218.0,5382.0
30.8,20.9,213.0,7060.0
36.2,17.5,179.0,5048.0
27.2,17.3,205.0,5343.0
22.5,20.4,187.0,4055.0
30.7,19.7,213.0,4979.0
37.9,18.3,223.0,6283.0
24.0,12.5,192.0,4306.0
36.0,16.4,202.0,3062.0
32.4,17.7,167.0,2792.0
31.4,15.0,190.0,3022.0
36.1,12.8,178.0,3282.0
28.8,16.4,167.0,3278.0
29.1,16.3,191.0,3031.0
28.8,15.7,179.0,3268.0
26.7,16.6,187.0,3570.0
31.1,15.0,198.0,3130.0
32.7,16.4,174.0,2880.0
27.8,16.9,180.0,3396.0
31.6,19.4,164.0,3473.0
29.6,17.5,170.0,3026.0
31.7,13.5,174.0,3028.0
37.8,15.2,177.0,2704.0
32.3,14.3,154.0,3085.0
32.4,18.7,190.0,2969.0
40.2,15.0,181.0,2819.0
30.0,15.5,180.0,3109.0
34.5,15.8,196.0,3199.0
29.9,16.8,191.0,3153.0
35.1,13.6,174.0,3119.0
28.4,16.0,169.0,3581.0
30.7,17.9,181.0,3277.0
32.4,16.4,209.0,4157.0
25.9,14.9,205.0,4117.0
32.3,18.4,200.0,3264.0
34.2,16.1,183.0,4346.0
32.9,15.8,194.0,3725.0
33.6,17.6,201.0,3839.0
32.5,15.5,183.0,3633.0
33.5,16.0,178.0,3918.0
32.8,15.2,196.0,4272.0
27.1,21.6,202.0,3568.0
38.9,13.2,179.0,4515.0
40.3,16.4,198.0,4189.0
34.4,16.8,192.0,4068.0
40.7,16.1,212.0,3530.0
45.1,18.8,197.0,3660.0
31.9,15.3,184.0,3617.0
34.8,21.0,180.0,3967.0
31.6,17.1,180.0,3830.0
40.7,15.7,188.0,4049.0
40.4,20.4,233.0,6075.0
32.7,17.7,210.0,4747.0
46.5,18.1,230.0,5201.0
56.2,22.8,220.0,7131.0
47.0,18.8,262.0,6768.0
62.9,17.1,211.0,5943.0
54.0,20.5,277.0,5219.0
58.6,25.0,231.0,5233.0
62.6,20.3,238.0,6267.0
60.0,18.8,260.0,6867.0
60.2,18.1,200.0,5210.0
65.6,22.1,188.0,4910.0
46.6,18.4,219.0,4773.0
53.9,17.4,221.0,6151.0
69.0,17.5,219.0,7104.0
57.9,18.3,225.0,5803.0
50.5,16.1,232.0,6698.0
39.1,21.4,254.0,6740.0
48.2,20.2,238.0,6146.0
75.0,16.8,270.0,7306.0
66.9,24.3,244.0,6027.0
48.9,23.3,214.0,5353.0
85.0,21.5,248.0,6405.0
60.4,24.1,212.0,6316.0
65.9,19.5,224.0,5176.0
48.3,15.1,205.0,5919.0
57.1,18.5,220.0,5328.0
47.2,19.7,259.0,7312.0
48.4,16.0,212.0,4323.0
70.7,21.0,237.0,7940.0
49.7,17.5,219.0,7093.0
53.8,19.4,226.0,4927.0
44.7,20.5,212.0,5456.0
53.8,22.4,226.0,5889.0
60.2,18.9,203.0,5309.0
51.6,16.8,228.0,5995.0
46.2,17.9,222.0,5747.0
60.0,20.2,227.0,6195.0
53.4,25.6,233.0,6675.0
46.6,20.8,244.0,5784.0
65.2,22.0,227.0,6526.0
51.8,23.2,237.0,6649.0
49.8,23.8,227.0,6328.0
63.0,19.4,227.0,5893.0
62.4,20.3,218.0,4828.0
62.4,20.0,234.0,7634.0
48.3,18.4,243.0,6888.0
65.3,22.8,254.0,7788.0
51.7,24.5,212.0,6022.0
62.1,23.7,256.0,5820.0
55.0,19.0,222.0,5752.0
58.7,16.4,206.0,4197.0
56.2,17.9,220.0,4891.0
54.2,19.8,209.0,5163.0
51.8,18.3,220.0,4943.0
56.4,18.7,217.0,5154.0
49.3,21.8,218.0,6182.0
42.5,19.4,233.0,6647.0
52.5,27.5,252.0,7845.0
69.4,21.6,284.0,7814.0
70.5,19.3,281.0,6349.0
47.4,20.8,221.0,6198.0
56.1,24.2,257.0,8470.0
50.9,19.7,264.0,6388.0
54.5,16.4,256.0,6491.0
64.5,20.1,255.0,6994.0
56.9,21.5,233.0,8412.0
60.0,20.9,257.0,7805.0
50.8,19.0,228.0,6346.0
65.9,16.9,244.0,7092.0
60.8,15.8,265.0,5622.0
57.8,24.3,268.0,7136.0
55.8,21.6,232.0,6349.0
58.2,23.7,263.0,8675.0
50.9,21.2,249.0,5719.0
60.3,19.8,236.0,6757.0
44.8,20.8,244.0,6232.0
58.6,19.0,233.0,8025.0
66.6,18.2,262.0,8998.0
79.0,26.0,270.0,8674.0
56.2,19.5,249.0,6708.0
58.1,24.0,229.0,5858.0
84.6,20.1,278.0,7865.0
59.2,20.5,283.0,7556.0
68.8,19.0,246.0,7924.0
62.6,17.3,248.0,6902.0
43.0,16.8,236.0,6668.0
58.2,19.8,241.0,5098.0
49.4,17.4,256.0,5393.0
73.7,20.7,277.0,8269.0
61.0,20.1,236.0,6062.0
57.7,24.7,262.0,7676.0
69.4,22.0,233.0,6704.0
59.6,19.2,283.0,7565.0
61.5,20.7,246.0,5890.0
67.1,22.2,219.0,6536.0
57.0,20.9,300.0,8387.0
53.2,19.1,271.0,6453.0
46.2,17.4,221.0,6918.0
59.3,19.0,247.0,6231.0
86.8,23.4,276.0,9060.0
68.6,18.0,284.0,7423.0
56.4,26.0,268.0,7169.0
54.9,19.7,275.0,7728.0
57.6,22.1,272.0,8696.0
75.6,20.5,299.0,9104.0
62.9,21.1,254.0,8420.0
65.6,22.0,308.0,8494.0
55.2,18.9,227.0,6094.0
71.4,20.9,250.0,7836.0
57.3,27.4,254.0,8585.0
73.9,21.2,235.0,5461.0
52.1,22.9,229.0,7433.0
65.6,17.1,262.0,6675.0
45.1,21.1,201.0,6357.0
63.6,19.8,238.0,6368.0
41.2,20.6,203.0,4315.0
36.2,20.2,179.0,4319.0
36.1,16.9,198.0,4601.0
30.0,18.5,154.0,3802.0
32.5,19.8,200.0,5106.0
28.7,20.3,204.0,4690.0
36.1,25.5,218.0,7278.0
31.4,19.2,216.0,4743.0
31.6,19.5,215.0,5251.0
31.3,18.6,199.0,4378.0
30.5,16.9,196.0,4629.0
26.8,18.1,200.0,3947.0
36.3,21.6,217.0,4917.0
28.5,19.5,188.0,3409.0
33.2,15.4,192.0,4739.0
36.2,20.7,192.0,5111.0
34.8,19.0,181.0,4501.0
32.5,24.0,206.0,4769.0
21.4,18.0,198.0,3922.0
29.3,17.2,203.0,3884.0
24.0,22.5,181.0,4436.0
24.3,21.0,203.0,3596.0
22.7,15.6,204.0,3505.0
26.1,19.7,199.0,3564.0
35.4,17.6,202.0,4123.0
33.5,20.9,188.0,4371.0
23.5,16.8,211.0,3995.0
29.3,16.5,190.0,4730.0
30.7,21.8,185.0,3784.0
28.3,19.8,176.0,4860.0
41.0,22.5,194.0,5254.0
29.0,18.0,172.0,4521.0
20.5,20.8,229.0,4739.0
23.3,22.1,162.0,4193.0
30.8,21.6,210.0,4845.0
28.6,25.7,205.0,5920.0
31.7,20.6,207.0,4678.0
35.3,22.9,222.0,5109.0
29.8,21.2,178.0,4307.0
36.3,19.4,188.0,4284.0
29.3,21.7,177.0,4155.0
35.7,17.9,186.0,4690.0
35.7,22.7,229.0,4984.0
25.9,16.9,189.0,4810.0
31.3,16.5,199.0,4508.0
21.4,19.1,196.0,4368.0
28.1,20.7,225.0,5735.0
31.6,18.8,193.0,5004.0
31.9,20.5,219.0,4067.0
32.0,22.1,200.0,3912.0
34.5,18.4,191.0,4354.0
31.0,21.1,211.0,4394.0
34.1,17.7,203.0,3822.0
24.1,18.6,166.0,3524.0
28.3,18.9,201.0,4404.0
25.4,20.7,189.0,4691.0
33.7,18.8,205.0,4514.0
31.3,17.0,217.0,4145.0
32.9,23.4,213.0,5279.0
28.7,19.2,191.0,4937.0
33.9,16.4,220.0,5386.0
24.9,21.8,171.0,3699.0
31.7,21.9,182.0,4628.0
18.8,16.8,180.0,3846.0
31.7,19.3,232.0,6439.0
29.5,22.5,210.0,5213.0
29.4,18.9,217.0,4401.0
34.5,21.1,219.0,5076.0
28.3,20.9,243.0,6141.0
45.1,24.5,218.0,5631.0
32.3,16.1,236.0,5168.0
39.4,21.3,229.0,6648.0
25.0,17.4,193.0,4763.0
36.3,25.7,243.0,6287.0
28.2,22.7,216.0,5359.0
26.3,19.3,205.0,6381.0
37.7,22.6,208.0,6427.0
40.4,17.5,195.0,5069.0
37.4,21.5,218.0,5699.0
30.2,18.7,209.0,5728.0
22.9,18.5,188.0,5626.0
29.8,21.0,203.0,5479.0
29.0,22.2,212.0,4954.0
43.8,20.6,218.0,5356.0
37.6,20.2,236.0,5565.0
36.3,20.8,234.0,5510.0
39.0,18.8,234.0,4538.0
37.8,19.5,192.0,5164.0
22.7,19.4,187.0,4995.0
26.1,23.2,189.0,5750.0
36.8,17.9,218.0,6137.0
27.6,18.4,212.0,4981.0
37.0,15.6,202.0,5404.0
32.6,16.0,213.0,4499.0
34.2,22.6,243.0,6532.0
43.6,21.6,229.0,6018.0
41.0,19.1,205.0,4599.0
35.4,22.8,215.0,4828.0
33.2,21.6,215.0,4809.0
29.7,19.8,216.0,5605.0
31.0,18.7,208.0,4814.0
33.7,18.7,205.0,4480.0
36.8,24.2,218.0,5864.0
36.2,20.6,196.0,5838.0
35.6,17.5,204.0,4520.0
26.4,22.2,233.0,4607.0
31.5,18.1,203.0,5554.0
30.0,21.5,202.0,6081.0
39.0,19.9,216.0,7471.0
32.7,21.5,197.0,4711.0
35.8,18.8,199.0,5543.0
39.6,19.9,220.0,8032.0
29.4,17.5,211.0,5096.0
40.4,15.7,180.0,4008.0
43.9,18.9,181.0,3469.0
40.6,17.6,180.0,3269.0
37.6,19.6,204.0,3091.0
40.3,16.2,162.0,3542.0
28.2,15.2,172.0,3376.0
39.5,16.7,180.0,3617.0
29.5,15.8,191.0,3557.0
31.3,17.8,190.0,3135.0
37.0,14.0,190.0,3255.0
28.8,16.9,180.0,3783.0
41.1,20.0,192.0,3810.0
35.0,15.2,174.0,3389.0
28.5,16.1,189.0,3553.0
42.5,13.5,182.0,3188.0
33.7,19.2,182.0,3484.0
34.2,16.8,167.0,3832.0
33.9,16.0,162.0,4000.0
20.4,17.1,177.0,3462.0
41.3,16.9,179.0,3406.0
35.1,15.6,169.0,3069.0
35.8,14.2,189.0,3320.0
38.4,17.3,172.0,3479.0
33.5,17.0,186.0,3448.0
29.4,16.2,177.0,3330.0
30.3,16.4,188.0,3856.0
39.4,19.2,168.0,3624.0
34.9,17.6,164.0,3450.0
40.0,14.3,185.0,3705.0
45.4,20.7,208.0,4299.0
45.1,19.0,189.0,3935.0
41.6,19.7,202.0,3412.0
32.6,15.5,203.0,4232.0
42.5,20.0,197.0,3758.0
39.0,14.1,206.0,3830.0
35.4,16.8,192.0,4457.0
33.6,19.3,193.0,4870.0
32.2,17.6,215.0,3482.0
43.0,20.9,198.0,4278.0
33.6,19.3,198.0,4176.0
37.9,20.5,214.0,4773.0
39.3,15.4,196.0,4094.0
49.1,17.0,206.0,3914.0
41.2,18.2,214.0,4312.0
37.5,17.7,201.0,4238.0
42.6,19.3,199.0,4265.0
37.0,15.5,204.0,4311.0
30.5,16.7,182.0,4142.0
36.1,17.5,191.0,4006.0
46.4,13.8,192.0,4082.0
41.2,20.5,203.0,3977.0
42.0,18.5,197.0,4213.0
45.0,18.8,204.0,4624.0
41.5,16.0,194.0,4479.0
31.5,19.6,191.0,4758.0
23.5,20.7,182.0,4584.0
44.7,17.1,193.0,4530.0
34.6,16.9,186.0,4133.0
48.8,20.6,197.0,4040.0
49.6,20.4,182.0,5155.0
34.7,18.1,198.0,4054.0
41.4,19.1,189.0,4389.0
37.1,15.6,212.0,4058.0
37.0,17.2,207.0,4007.0
37.9,14.7,201.0,3543.0
48.2,18.3,186.0,4557.0
28.8,16.9,194.0,4383.0
46.2,15.5,215.0,4300.0
42.7,21.1,190.0,4303.0
39.6,19.8,208.0,3653.0
41.6,19.8,209.0,4179.0
37.1,14.6,186.0,3986.0
36.1,17.6,186.0,4411.0
41.0,17.8,194.0,4241.0
33.1,17.5,219.0,3862.0
30.8,17.5,207.0,4586.0
35.2,15.5,196.0,4751.0
43.4,19.7,208.0,4117.0
34.6,18.8,192.0,4679.0
31.3,20.2,196.0,5331.0
36.3,16.4,181.0,4091.0
38.8,18.4,201.0,5026.0
40.5,22.0,203.0,4855.0
39.9,22.2,216.0,6251.0
42.4,20.9,207.0,6185.0
40.0,18.7,215.0,4887.0
43.4,18.8,212.0,5183.0
43.6,24.2,231.0,6203.0
51.4,23.0,197.0,6793.0
39.9,22.6,222.0,5933.0
38.4,19.7,237.0,6481.0
46.4,18.6,210.0,5228.0
48.7,18.3,243.0,6643.0
47.2,18.7,272.0,9440.0
39.6,21.7,265.0,7230.0
44.0,20.4,252.0,6447.0
54.5,25.2,245.0,6872.0
51.4,20.4,258.0,7409.0
55.9,20.5,247.0,6491.0
43.9,22.9,206.0,6835.0
